-- Adminer 4.8.0 MySQL 5.5.62-log dump

SET NAMES utf8;
SET time_zone = '+00:00';
SET foreign_key_checks = 0;
SET sql_mode = 'NO_AUTO_VALUE_ON_ZERO';

SET NAMES utf8mb4;

DROP TABLE IF EXISTS `admin`;
CREATE TABLE `admin` (
  `id` int(11) NOT NULL AUTO_INCREMENT,
  `username` varchar(180) COLLATE utf8mb4_unicode_ci NOT NULL,
  `roles` varchar(255) COLLATE utf8mb4_unicode_ci NOT NULL,
  `password` varchar(255) COLLATE utf8mb4_unicode_ci NOT NULL,
  PRIMARY KEY (`id`),
  UNIQUE KEY `UNIQ_880E0D76F85E0677` (`username`)
) ENGINE=InnoDB DEFAULT CHARSET=utf8mb4 COLLATE=utf8mb4_unicode_ci;

INSERT INTO `admin` (`id`, `username`, `roles`, `password`) VALUES
(1,	'admin',	'[\"ROLE_ADMIN\"]',	'$argon2id$v=19$m=65536,t=4,p=1$nO5TSA09lgU41Hm3M18TWQ$U1or/nLdHVi3Ou7tuJ9QP0qn2sLVRUy6tncRDTggQIM');

DROP TABLE IF EXISTS `banco`;
CREATE TABLE `banco` (
  `id` int(11) NOT NULL AUTO_INCREMENT,
  `categoria_bn` int(11) DEFAULT NULL,
  `importe_bn` double NOT NULL,
  `concepto_bn` longtext CHARACTER SET utf8mb4 COLLATE utf8mb4_unicode_ci NOT NULL,
  `fecha_bn` date NOT NULL,
  `timestamp_bn` datetime NOT NULL,
  PRIMARY KEY (`id`),
  KEY `IDX_77DEE1D130B640AF` (`categoria_bn`),
  CONSTRAINT `banco_FK` FOREIGN KEY (`categoria_bn`) REFERENCES `tiposmovimiento` (`id`)
) ENGINE=InnoDB DEFAULT CHARSET=utf8 COLLATE=utf8_unicode_ci;

INSERT INTO `banco` (`id`, `categoria_bn`, `importe_bn`, `concepto_bn`, `fecha_bn`, `timestamp_bn`) VALUES
(205,	9,	8966.31,	'Inicial',	'2021-01-01',	'2021-02-24 00:45:37'),
(206,	2,	-60.5,	'COREASESORIAS GIJONESAS, SL',	'2021-01-04',	'2021-02-24 00:43:59'),
(207,	4,	-196.05,	'COREANTONIO FERNANDEZ CASTELLANOS, S.L.',	'2021-01-04',	'2021-02-24 00:43:59'),
(208,	3,	59,	'ABONO TPV 0337575575 01 AZULEJOS Y PAVIMENTOS GIJÓN 6009044818',	'2021-01-05',	'2021-02-24 00:43:59'),
(209,	6,	-0.24,	'COMISIONES 0337575575 01 AZULEJOS Y PAVIMENTOS GIJÓN 6009044818',	'2021-01-05',	'2021-02-24 00:43:59'),
(210,	7,	-3438.27,	'BENEFICIARIO COMERCIAL CASAMONTE',	'2021-01-07',	'2021-02-24 00:43:59'),
(211,	4,	-814.75,	'COREGME DIVISION BANOS S.L.',	'2021-01-08',	'2021-02-24 00:43:59'),
(212,	3,	91.95,	'ABONO TPV 0337575575 01 AZULEJOS Y PAVIMENTOS GIJÓN 6009361450',	'2021-01-08',	'2021-02-24 00:43:59'),
(213,	6,	-0.6,	'COMISIONES 0337575575 01 AZULEJOS Y PAVIMENTOS GIJÓN 6009361450',	'2021-01-08',	'2021-02-24 00:43:59'),
(214,	7,	-57.23,	'BENEFICIARIO COMERCIAL CASAMONTE',	'2021-01-08',	'2021-02-24 00:43:59'),
(215,	5,	-19.98,	'COMPRA TARJ. 5540XXXXXXXX5018 EL CORTE INGLES COSTA VER-GIJON',	'2021-01-11',	'2021-02-24 00:47:22'),
(216,	4,	-307.43,	'COREGME DIVISION BANOS S.L.',	'2021-01-11',	'2021-02-24 00:47:22'),
(217,	3,	80,	'ABONO TPV 0337575575 01 AZULEJOS Y PAVIMENTOS GIJÓN 6009595404',	'2021-01-11',	'2021-02-24 00:47:22'),
(218,	6,	-0.32,	'COMISIONES 0337575575 01 AZULEJOS Y PAVIMENTOS GIJÓN 6009595404',	'2021-01-11',	'2021-02-24 00:47:22'),
(219,	3,	81,	'ABONO TPV 0337575575 01 AZULEJOS Y PAVIMENTOS GIJÓN 6009849937',	'2021-01-12',	'2021-02-24 00:47:22'),
(220,	6,	-0.33,	'COMISIONES 0337575575 01 AZULEJOS Y PAVIMENTOS GIJÓN 6009849937',	'2021-01-12',	'2021-02-24 00:47:22'),
(221,	7,	-226,	'COMPRA TARJ. 5540XXXXXXXX5018 AMAZON.ES AMAZON.ES-LUXEMBOURG',	'2021-01-13',	'2021-02-24 00:47:22'),
(222,	5,	-16.5,	'COMPRA TARJ. 5540XXXXXXXX5018 E.S. GIJON AVENIDA-GIJON',	'2021-01-13',	'2021-02-24 00:47:22'),
(223,	4,	-43.35,	'CORECAMACHO ASTURIAS S.L.',	'2021-01-14',	'2021-02-24 00:47:22'),
(224,	2,	-3.63,	'CORE1y1 IONOS Espana S.L.U',	'2021-01-15',	'2021-02-24 00:47:22'),
(225,	4,	-226.93,	'CORECOMERCIAL SALGAR, S.L.',	'2021-01-15',	'2021-02-24 00:47:22'),
(226,	7,	-94.89,	'COMPRA TARJ. 5540XXXXXXXX5018 EL CORTE INGLES COSTA VER-GIJON',	'2021-01-18',	'2021-02-24 00:49:23'),
(227,	7,	-55.4,	'COMPRA TARJ. 5540XXXXXXXX5018 EL CORTE INGLES COSTA VER-GIJON',	'2021-01-18',	'2021-02-24 00:49:23'),
(228,	7,	-197.44,	'COMPRA TARJ. 5540XXXXXXXX5018 LEROY MERLIN-GIJON',	'2021-01-18',	'2021-02-24 00:49:23'),
(229,	3,	767,	'ABONO TPV 0337575575 01 AZULEJOS Y PAVIMENTOS GIJÓN 6010367535',	'2021-01-18',	'2021-02-24 00:49:23'),
(230,	6,	-3.07,	'COMISIONES 0337575575 01 AZULEJOS Y PAVIMENTOS GIJÓN 6010367535',	'2021-01-18',	'2021-02-24 00:49:23'),
(231,	4,	-231.59,	'COREROYO SPAIN, SL',	'2021-01-18',	'2021-02-24 00:49:23'),
(232,	8,	-100,	'REINTEGRO CAJERO AUTOMATICO 5540XXXXXXXX5018 18.01',	'2021-01-18',	'2021-02-24 00:49:23'),
(233,	4,	-152.65,	'COREGME DIVISION BANOS S.L.',	'2021-01-19',	'2021-02-24 00:49:23'),
(234,	4,	-131.45,	'COREGME DIVISION BANOS S.L.',	'2021-01-19',	'2021-02-24 00:49:23'),
(235,	3,	2202,	'ABONO TPV 0337575575 01 AZULEJOS Y PAVIMENTOS GIJÓN 6010652384',	'2021-01-19',	'2021-02-24 00:49:23'),
(236,	6,	-8.81,	'COMISIONES 0337575575 01 AZULEJOS Y PAVIMENTOS GIJÓN 6010652384',	'2021-01-19',	'2021-02-24 00:49:23'),
(237,	4,	-128.72,	'COREMEDITERRANEA DEL BANO, S.L.',	'2021-01-20',	'2021-02-24 00:49:23'),
(238,	2,	-532,	'IMPUESTOS',	'2021-01-20',	'2021-02-24 00:49:23'),
(239,	3,	249,	'ABONO TPV 0337575575 01 AZULEJOS Y PAVIMENTOS GIJÓN 6010781471',	'2021-01-20',	'2021-02-24 00:49:23'),
(240,	6,	-1,	'COMISIONES 0337575575 01 AZULEJOS Y PAVIMENTOS GIJÓN 6010781471',	'2021-01-20',	'2021-02-24 00:49:23'),
(241,	3,	2215,	'ABONO TPV 0337575575 01 AZULEJOS Y PAVIMENTOS GIJÓN 6010909262',	'2021-01-21',	'2021-02-24 00:49:23'),
(242,	6,	-8.86,	'COMISIONES 0337575575 01 AZULEJOS Y PAVIMENTOS GIJÓN 6010909262',	'2021-01-21',	'2021-02-24 00:49:23'),
(243,	4,	-36.56,	'COREFELIU BOET GRIFERIAS,  S.L.',	'2021-01-22',	'2021-02-24 00:49:23'),
(244,	4,	-623.18,	'COREGME DIVISION BANOS S.L.',	'2021-01-25',	'2021-02-24 00:54:22'),
(245,	6,	-6,	'SERVICIO DE TPV 0337575575 01 AZULEJOS Y PAVIMENTOS GIJÓN',	'2021-01-25',	'2021-02-24 00:54:22'),
(246,	3,	57,	'ABONO TPV 0337575575 01 AZULEJOS Y PAVIMENTOS GIJÓN 6011567617',	'2021-01-27',	'2021-02-24 00:54:22'),
(247,	6,	-0.23,	'COMISIONES 0337575575 01 AZULEJOS Y PAVIMENTOS GIJÓN 6011567617',	'2021-01-27',	'2021-02-24 00:54:22'),
(248,	5,	-13.32,	'COMPRA TARJ. 5540XXXXXXXX5018 CORREOS OF VIRTUAL-MADRID',	'2021-01-27',	'2021-02-24 00:54:22'),
(249,	4,	-373.81,	'CORECOMERCIAL SARIEGO? S.L.',	'2021-01-28',	'2021-02-24 00:54:22'),
(250,	2,	-51.2,	'COREEmpr.Mun. de Aguas de Gijon, S.A.',	'2021-01-28',	'2021-02-24 00:54:22'),
(251,	3,	54,	'ABONO TPV 0337575575 01 AZULEJOS Y PAVIMENTOS GIJÓN 6011694851',	'2021-01-28',	'2021-02-24 00:54:22'),
(252,	6,	-0.22,	'COMISIONES 0337575575 01 AZULEJOS Y PAVIMENTOS GIJÓN 6011694851',	'2021-01-28',	'2021-02-24 00:54:22'),
(253,	7,	-114.99,	'COMPRA TARJ. 5540XXXXXXXX5018 AMZN Mktp ES-800-279-6620',	'2021-01-28',	'2021-02-24 00:54:22'),
(254,	4,	-942.71,	'COREMAMPARAS DE BANO KASSANDRA S.L.',	'2021-01-29',	'2021-02-24 00:56:22'),
(255,	2,	-19.9,	'CORER CABLE Y TELECABLE TELECOMUNICACIONES, S.A.U.',	'2021-01-29',	'2021-02-24 00:56:22'),
(256,	3,	1225,	'ORDENANTE DE LA TRANSFERENCIA :         RUT ALVAREZ VALLEDOR',	'2021-01-29',	'2021-02-24 00:56:22'),
(257,	2,	-33.54,	'CORER CABLE Y TELECABLE TELECOMUNICACIO',	'2021-01-29',	'2021-02-24 00:56:22'),
(258,	2,	-149.62,	'CORETGSS. COTIZACION 005 R.E.AUTONOMOS',	'2021-01-29',	'2021-02-24 00:56:22'),
(259,	4,	-380.87,	'COREANTONIO FERNANDEZ CASTELLANOS, S.L.',	'2021-01-29',	'2021-02-24 00:56:22'),
(260,	4,	-75.72,	'COREGME DIVISION BANOS S.L.',	'2021-02-01',	'2021-02-24 00:56:22'),
(261,	2,	-60.5,	'COREASESORIAS GIJONESAS, SL',	'2021-02-01',	'2021-02-24 00:56:22'),
(262,	6,	-48.4,	'COMISIONES DE SERVICIO INFORMACION EXPANSION NEGOCIOS',	'2021-02-01',	'2021-02-24 00:56:22'),
(263,	3,	99,	'ABONO TPV 0337575575 01 AZULEJOS Y PAVIMENTOS GIJÓN 6012515546',	'2021-02-04',	'2021-02-24 00:56:22'),
(264,	6,	-0.4,	'COMISIONES 0337575575 01 AZULEJOS Y PAVIMENTOS GIJÓN 6012515546',	'2021-02-04',	'2021-02-24 00:56:22'),
(265,	4,	-1217.58,	'COREGME DIVISION BANOS S.L.',	'2021-02-08',	'2021-02-24 00:56:22'),
(266,	4,	-269.57,	'COREGME DIVISION BANOS S.L.',	'2021-02-08',	'2021-02-24 00:56:22'),
(267,	3,	23.95,	'ABONO TPV 0337575575 01 AZULEJOS Y PAVIMENTOS GIJÓN 6012782476',	'2021-02-08',	'2021-02-24 00:56:22'),
(268,	6,	-0.1,	'COMISIONES 0337575575 01 AZULEJOS Y PAVIMENTOS GIJÓN 6012782476',	'2021-02-08',	'2021-02-24 00:56:22'),
(269,	5,	-15.5,	'COMPRA TARJ. 5540XXXXXXXX5018 E.S. GIJON AVENIDA-GIJON',	'2021-02-08',	'2021-02-24 00:56:22'),
(270,	2,	-714,	'BENEFICIARIO JUAN FERNANDEZ  LOBO',	'2021-02-08',	'2021-02-24 00:56:22'),
(271,	3,	135,	'ABONO TPV 0337575575 01 AZULEJOS Y PAVIMENTOS GIJÓN 6013060335',	'2021-02-09',	'2021-02-24 00:58:10'),
(272,	6,	-0.54,	'COMISIONES 0337575575 01 AZULEJOS Y PAVIMENTOS GIJÓN 6013060335',	'2021-02-09',	'2021-02-24 00:58:10'),
(273,	7,	259,	'DEVOLUCION 5540XXXXXXXX5018 10.02 MEDIA MARKT ONLINE-EL PRAT DE LL',	'2021-02-11',	'2021-02-24 00:58:10'),
(274,	4,	-279.56,	'COREComercial Sariego, S.L.',	'2021-02-15',	'2021-02-24 00:58:10'),
(275,	4,	-367.32,	'COREMOGAR GENERACIamp211N',	'2021-02-15',	'2021-02-24 00:58:10'),
(276,	4,	-379.61,	'CORECAMACHO ASTURIAS S.L.',	'2021-02-15',	'2021-02-24 00:58:10'),
(277,	2,	-3.63,	'CORE1y1 IONOS Espana S.L.U',	'2021-02-16',	'2021-02-24 00:58:10'),
(278,	4,	-360.43,	'COREGME DIVISION BANOS S.L.',	'2021-02-16',	'2021-02-24 00:58:10'),
(279,	2,	-84.7,	'COREEDP ENERGIA SA',	'2021-02-18',	'2021-02-24 00:58:48'),
(280,	4,	-321.81,	'COREEUROMUEBLES  21 S.A.L.',	'2021-02-18',	'2021-02-24 00:58:48'),
(281,	3,	673,	'ABONO TPV 0337575575 01 AZULEJOS Y PAVIMENTOS GIJÓN 6014128188',	'2021-02-18',	'2021-02-24 00:58:48'),
(282,	6,	-2.7,	'COMISIONES 0337575575 01 AZULEJOS Y PAVIMENTOS GIJÓN 6014128188',	'2021-02-18',	'2021-02-24 00:58:48'),
(283,	5,	-31,	'COMPRA TARJ. 5540XXXXXXXX5018 E.S. GIJON AVENIDA-GIJON',	'2021-02-18',	'2021-02-24 00:58:48'),
(284,	4,	-898.55,	'COREL. PATRICIO CHACON  SL',	'2021-02-19',	'2021-02-24 00:58:48'),
(285,	3,	265,	'ABONO TPV 0337575575 01 AZULEJOS Y PAVIMENTOS GIJÓN 6014260835',	'2021-02-19',	'2021-02-24 00:58:48'),
(286,	6,	-1.06,	'COMISIONES 0337575575 01 AZULEJOS Y PAVIMENTOS GIJÓN 6014260835',	'2021-02-19',	'2021-02-24 00:58:48'),
(287,	4,	-22.72,	'COREMEDITERRANEA DEL BANO, S.L.',	'2021-02-22',	'2021-02-24 00:58:48'),
(288,	3,	710,	'ORDENANTE DE LA TRANSFERENCIA :         MARIA TERESA LETICIA YENES GARCIA',	'2021-02-22',	'2021-02-24 00:58:48'),
(289,	3,	42,	'ABONO TPV 0337575575 01 AZULEJOS Y PAVIMENTOS GIJÓN 6014812292',	'2021-02-24',	'2021-02-28 00:28:26'),
(290,	6,	-0.17,	'COMISIONES 0337575575 01 AZULEJOS Y PAVIMENTOS GIJÓN 6014812292',	'2021-02-24',	'2021-02-28 00:28:26'),
(291,	2,	-20,	'CORER CABLE Y TELECABLE SAU',	'2021-02-26',	'2021-02-28 00:28:26'),
(292,	2,	-714,	'BENEFICIARIO DE LA TRANSFERENCIA :      Juan Fernandez  Lobo',	'2021-02-26',	'2021-02-28 00:28:26'),
(293,	2,	-30,	'CORER CABLE Y TELECABLE TELECOMUNICACIO',	'2021-02-26',	'2021-02-28 00:28:26'),
(294,	2,	-0.9,	'CORETGSS. COTIZACION 005 R.E.AUTONOMOS',	'2021-02-26',	'2021-02-28 00:28:26'),
(295,	2,	-152.52,	'CORETGSS. COTIZACION 005 R.E.AUTONOMOS',	'2021-02-26',	'2021-02-28 00:28:26'),
(296,	4,	-191.79,	'COREGME DIVISION BANOS S.L.',	'2021-03-01',	'2021-03-03 21:53:56'),
(297,	4,	-373.81,	'CORECOMERCIAL SARIEGO? S.L.',	'2021-03-01',	'2021-03-03 21:53:56'),
(298,	2,	-60.5,	'COREASESORIAS GIJONESAS, SL',	'2021-03-01',	'2021-03-03 21:53:56'),
(299,	4,	-35.69,	'CORECAMACHO ASTURIAS S.L.',	'2021-03-01',	'2021-03-03 21:53:56'),
(300,	3,	370,	'ORDENANTE DE LA TRANSFERENCIA :         RAQUEL GOMEZ RODRIGUEZ',	'2021-03-01',	'2021-03-03 21:53:56'),
(301,	3,	275,	'ABONO TPV 0337575575 01 AZULEJOS Y PAVIMENTOS GIJÓN 6015956821',	'2021-03-05',	'2021-03-06 22:44:11'),
(302,	6,	-1.1,	'COMISIONES 0337575575 01 AZULEJOS Y PAVIMENTOS GIJÓN 6015956821',	'2021-03-05',	'2021-03-06 22:44:11'),
(303,	3,	26,	'ABONO TPV 0337575575 01 AZULEJOS Y PAVIMENTOS GIJÓN 6016102733',	'2021-03-08',	'2021-03-09 12:40:38'),
(304,	6,	-0.1,	'COMISIONES 0337575575 01 AZULEJOS Y PAVIMENTOS GIJÓN 6016102733',	'2021-03-08',	'2021-03-09 12:40:38'),
(305,	4,	-244.45,	'CORECOMERCIAL SALGAR, S.L.',	'2021-03-10',	'2021-03-15 13:31:54'),
(306,	3,	42,	'ABONO TPV 0337575575 01 AZULEJOS Y PAVIMENTOS GIJÓN 6016682781',	'2021-03-11',	'2021-03-15 13:31:54'),
(307,	6,	-0.17,	'COMISIONES 0337575575 01 AZULEJOS Y PAVIMENTOS GIJÓN 6016682781',	'2021-03-11',	'2021-03-15 13:31:54'),
(308,	4,	-108.28,	'COREGME DIVISION BANOS S.L.',	'2021-03-15',	'2021-03-17 00:51:03'),
(309,	3,	120,	'ABONO TPV 0337575575 01 AZULEJOS Y PAVIMENTOS GIJÓN 6016971458',	'2021-03-15',	'2021-03-17 00:51:03'),
(310,	6,	-0.48,	'COMISIONES 0337575575 01 AZULEJOS Y PAVIMENTOS GIJÓN 6016971458',	'2021-03-15',	'2021-03-17 00:51:03'),
(311,	4,	-3.63,	'CORE1y1 IONOS Espana S.L.U',	'2021-03-16',	'2021-03-18 16:00:21'),
(312,	3,	41.8,	'ABONO TPV 0337575575 01 AZULEJOS Y PAVIMENTOS GIJÓN 6017282868',	'2021-03-16',	'2021-03-18 16:00:21'),
(313,	6,	-0.17,	'COMISIONES 0337575575 01 AZULEJOS Y PAVIMENTOS GIJÓN 6017282868',	'2021-03-16',	'2021-03-18 16:00:21'),
(314,	4,	-741.29,	'COREGME DIVISION BANOS S.L.',	'2021-03-22',	'2021-03-23 10:21:51'),
(315,	4,	-26.75,	'COMPRA TARJ. 5540XXXXXXXX5018 ELECTRO AVILES S.A.-GIJON',	'2021-03-22',	'2021-03-23 10:21:51'),
(316,	3,	90,	'ABONO TPV 0337575575 01 AZULEJOS Y PAVIMENTOS GIJÓN 6018142688',	'2021-03-23',	'2021-03-26 09:30:13'),
(317,	6,	-0.36,	'COMISIONES 0337575575 01 AZULEJOS Y PAVIMENTOS GIJÓN 6018142688',	'2021-03-23',	'2021-03-26 09:30:13'),
(318,	5,	-69.65,	'COMPRA TARJ. 5540XXXXXXXX5018 E.S. REPSOL CEARES-AVILES',	'2021-03-24',	'2021-03-26 09:30:13'),
(319,	5,	1000,	'INGRESO EFECTIVO CAJERO AUTOMATICO 008156600010/',	'2021-03-24',	'2021-03-26 09:30:13'),
(320,	3,	89.4,	'ABONO TPV 0337575575 01 AZULEJOS Y PAVIMENTOS GIJÓN 6018422882',	'2021-03-25',	'2021-03-26 09:30:13'),
(321,	6,	-0.36,	'COMISIONES 0337575575 01 AZULEJOS Y PAVIMENTOS GIJÓN 6018422882',	'2021-03-25',	'2021-03-26 09:30:13'),
(322,	3,	-6,	'SERVICIO DE TPV 0337575575 01 AZULEJOS Y PAVIMENTOS GIJÓN',	'2021-03-25',	'2021-03-26 09:30:13'),
(323,	3,	155,	'ABONO TPV 0337575575 01 AZULEJOS Y PAVIMENTOS GIJÓN 6018568173',	'2021-03-26',	'2021-03-27 10:16:13'),
(324,	6,	-0.62,	'COMISIONES 0337575575 01 AZULEJOS Y PAVIMENTOS GIJÓN 6018568173',	'2021-03-26',	'2021-03-27 10:16:13'),
(325,	2,	-51.2,	'COREEmpr.Mun. de Aguas de Gijon, S.A.',	'2021-03-29',	'2021-03-30 16:42:28'),
(326,	4,	-191.79,	'COREGME DIVISION BANOS S.L.',	'2021-03-29',	'2021-03-30 16:42:28'),
(327,	3,	376,	'ABONO TPV 0337575575 01 AZULEJOS Y PAVIMENTOS GIJÓN 6018718768',	'2021-03-29',	'2021-03-30 16:42:28'),
(328,	6,	-1.5,	'COMISIONES 0337575575 01 AZULEJOS Y PAVIMENTOS GIJÓN 6018718768',	'2021-03-29',	'2021-03-30 16:42:28'),
(329,	4,	-103.49,	'CORECAMACHO ASTURIAS S.L.',	'2021-03-29',	'2021-03-30 16:42:28'),
(330,	5,	-600,	'REINTEGRO CAJERO AUTOMATICO 5540XXXXXXXX5018 29.03',	'2021-03-29',	'2021-03-30 16:42:28'),
(331,	3,	5240,	'ORDENANTE DE LA TRANSFERENCIA :         MARIA TERESA LETICIA YENES GARCIA',	'2021-03-29',	'2021-03-30 16:42:28'),
(332,	5,	-350,	'REINTEGRO CAJERO AUTOMATICO 5540XXXXXXXX5018 30.03',	'2021-03-30',	'2021-04-01 23:32:59'),
(333,	2,	-20,	'CORER CABLE Y TELECABLE SAU',	'2021-03-31',	'2021-04-01 23:32:59'),
(334,	5,	-714,	'BENEFICIARIO DE LA TRANSFERENCIA :      Juan Fernandez  Lobo',	'2021-03-31',	'2021-04-01 23:32:59'),
(335,	2,	-59,	'CORER CABLE Y TELECABLE TELECOMUNICACIO',	'2021-03-31',	'2021-04-01 23:32:59'),
(336,	2,	-152.52,	'CORETGSS. COTIZACION 005 R.E.AUTONOMOS',	'2021-03-31',	'2021-04-01 23:32:59'),
(337,	2,	-0.95,	'CORETGSS. COTIZACION 005 R.E.AUTONOMOS',	'2021-03-31',	'2021-04-01 23:32:59'),
(338,	6,	-12.5,	'INTERESES Y/O COMISIONES',	'2021-03-31',	'2021-04-05 11:42:59'),
(339,	2,	-60.5,	'COREASESORIAS GIJONESAS, SL',	'2021-04-01',	'2021-04-05 11:42:59'),
(340,	5,	-200,	'REINTEGRO CAJERO AUTOMATICO 5540XXXXXXXX5018 05.04',	'2021-04-05',	'2021-04-07 11:49:41'),
(341,	4,	-562.6,	'COREGME DIVISION BANOS S.L.',	'2021-04-06',	'2021-04-07 11:49:41'),
(342,	4,	-459.62,	'COREMAMPARAS DE BANO KASSANDRA S.L.',	'2021-04-06',	'2021-04-07 11:49:41'),
(343,	3,	-79,	'ABONO TPV 0337575575 01 AZULEJOS Y PAVIMENTOS GIJÓN 6019981196',	'2021-04-07',	'2021-04-09 10:50:21'),
(344,	3,	554,	'ABONO TPV 0337575575 01 AZULEJOS Y PAVIMENTOS GIJÓN 6020125272',	'2021-04-08',	'2021-04-09 10:50:21'),
(345,	6,	-2.22,	'COMISIONES 0337575575 01 AZULEJOS Y PAVIMENTOS GIJÓN 6020125272',	'2021-04-08',	'2021-04-09 10:50:21'),
(346,	4,	-54.9,	'CORECAMACHO ASTURIAS S.L.',	'2021-04-09',	'2021-04-12 13:30:10'),
(347,	3,	1600,	'ORDENANTE DE LA TRANSFERENCIA :         FERNANDO MAESTRE PEÑA',	'2021-04-12',	'2021-04-15 21:58:49'),
(348,	4,	-62.85,	'COREANTONIO FERNANDEZ CASTELLANOS, S.L.',	'2021-04-14',	'2021-04-15 21:58:49'),
(349,	4,	-3.63,	'CORE1y1 IONOS Espana S.L.U',	'2021-04-16',	'2021-04-20 22:44:17'),
(350,	4,	-576.23,	'COREGME DIVISION BANOS S.L.',	'2021-04-19',	'2021-04-20 22:44:17'),
(351,	4,	-34.07,	'COREGME DIVISION BANOS S.L.',	'2021-04-19',	'2021-04-20 22:44:17'),
(352,	2,	-81.11,	'COREEDP ENERGIA SA',	'2021-04-19',	'2021-04-20 22:44:17'),
(353,	5,	-208.23,	'COREANTONIO FERNANDEZ CASTELLANOS, S.L.',	'2021-04-19',	'2021-04-20 22:44:17'),
(354,	5,	-13.24,	'COMPRA TARJ. 5540XXXXXXXX5018 CARREFOUR FRESN-0000100010001',	'2021-04-19',	'2021-04-20 22:44:17'),
(355,	2,	-399,	'IMPUESTOS',	'2021-04-20',	'2021-04-27 18:31:10'),
(356,	2,	-114.12,	'IMPUESTOS',	'2021-04-20',	'2021-04-27 18:31:10'),
(357,	3,	69,	'ABONO TPV 0337575575 01 AZULEJOS Y PAVIMENTOS GIJÓN 6021786577',	'2021-04-21',	'2021-04-27 18:31:10'),
(358,	6,	-0.28,	'COMISIONES 0337575575 01 AZULEJOS Y PAVIMENTOS GIJÓN 6021786577',	'2021-04-21',	'2021-04-27 18:31:10'),
(359,	4,	-541.58,	'CORECAMACHO ASTURIAS S.L.',	'2021-04-21',	'2021-04-27 18:31:10'),
(360,	5,	-74,	'CORESERVICIOS TRIBUTARIOS PRINCIPAD ASTURIAS',	'2021-04-26',	'2021-04-27 18:31:10'),
(361,	3,	-6,	'SERVICIO DE TPV 0337575575 01 AZULEJOS Y PAVIMENTOS GIJÓN',	'2021-04-26',	'2021-04-27 18:31:10'),
(362,	4,	-281.78,	'CORECOMERCIAL SARIEGO? S.L.',	'2021-04-29',	'2021-05-01 17:13:58'),
(363,	5,	-183.85,	'COREBSSG',	'2021-04-29',	'2021-05-01 17:13:58'),
(364,	3,	22.5,	'ABONO TPV 0337575575 01 AZULEJOS Y PAVIMENTOS GIJÓN 6022835685',	'2021-04-29',	'2021-05-01 17:13:58'),
(365,	6,	-0.09,	'COMISIONES 0337575575 01 AZULEJOS Y PAVIMENTOS GIJÓN 6022835685',	'2021-04-29',	'2021-05-01 17:13:58'),
(366,	2,	-18.16,	'CORER CABLE Y TELECABLE SAU',	'2021-04-30',	'2021-05-01 17:13:58'),
(367,	2,	-39.9,	'CORER CABLE Y TELECABLE TELECOMUNICACIO',	'2021-04-30',	'2021-05-01 17:13:58'),
(368,	5,	-714,	'BENEFICIARIO DE LA TRANSFERENCIA :      Juan Fernandez  Lobo',	'2021-04-30',	'2021-05-01 17:13:58'),
(369,	2,	-152.52,	'CORETGSS. COTIZACION 005 R.E.AUTONOMOS',	'2021-04-30',	'2021-05-01 17:13:58'),
(370,	2,	-0.41,	'CORETGSS. COTIZACION 005 R.E.AUTONOMOS',	'2021-04-30',	'2021-05-01 17:13:58'),
(371,	4,	-191.79,	'COREGME DIVISION BANOS S.L.',	'2021-04-28',	'2021-05-05 09:15:34'),
(372,	5,	-110.56,	'COREDELBA?O SL',	'2021-04-28',	'2021-05-05 09:15:34'),
(373,	6,	6,	'CONDONACION COMISIONES 2021-04-26 0337575575 01 AZULEJOS Y PAVIMENTOS GIJÓN',	'2021-04-28',	'2021-05-05 09:15:34'),
(374,	4,	-386.17,	'COREGME DIVISION BANOS S.L.',	'2021-05-03',	'2021-05-05 09:15:34'),
(375,	2,	-60.5,	'COREASESORIAS GIJONESAS, SL',	'2021-05-03',	'2021-05-05 09:15:34'),
(376,	3,	13.5,	'ABONO TPV 0337575575 01 AZULEJOS Y PAVIMENTOS GIJÓN 6023141636',	'2021-05-03',	'2021-05-05 09:15:34'),
(377,	6,	-0.07,	'COMISIONES 0337575575 01 AZULEJOS Y PAVIMENTOS GIJÓN 6023141636',	'2021-05-03',	'2021-05-05 09:15:34'),
(378,	4,	-524.75,	'CORECOMERCIAL SALGAR, S.L.',	'2021-05-05',	'2021-05-06 22:36:13');

DROP TABLE IF EXISTS `cestas`;
CREATE TABLE `cestas` (
  `id` int(11) NOT NULL AUTO_INCREMENT,
  `estado_cs` int(11) NOT NULL,
  `user_cs` int(11) NOT NULL,
  `fecha_cs` date NOT NULL,
  `importe_tot_cs` double NOT NULL,
  `descuento_cs` double NOT NULL,
  `tipopago_cs` varchar(15) COLLATE utf8mb4_unicode_ci NOT NULL,
  `numticket_cs` varchar(55) COLLATE utf8mb4_unicode_ci NOT NULL,
  `timestamp_cs` datetime NOT NULL,
  PRIMARY KEY (`id`),
  KEY `IDX_F1E891F4F2C16F22` (`estado_cs`),
  KEY `cestasII_FK` (`user_cs`),
  CONSTRAINT `cestasII_FK` FOREIGN KEY (`user_cs`) REFERENCES `admin` (`id`),
  CONSTRAINT `FK_F1E891F4F2C16F22` FOREIGN KEY (`estado_cs`) REFERENCES `estadocestas` (`id`)
) ENGINE=InnoDB DEFAULT CHARSET=utf8mb4 COLLATE=utf8mb4_unicode_ci;

INSERT INTO `cestas` (`id`, `estado_cs`, `user_cs`, `fecha_cs`, `importe_tot_cs`, `descuento_cs`, `tipopago_cs`, `numticket_cs`, `timestamp_cs`) VALUES
(217,	3,	1,	'2021-01-07',	0,	0,	'Tarjeta',	'nogenerado',	'2021-03-06 23:37:22'),
(218,	2,	1,	'2021-01-07',	150.95,	0,	'Tarjeta',	'21007181542',	'2021-03-06 23:37:22'),
(219,	2,	1,	'2021-01-08',	717,	0,	'Efectivo',	'21008131404',	'2021-03-06 23:37:22'),
(220,	2,	1,	'2021-01-08',	80,	0,	'Tarjeta',	'21008181512',	'2021-03-06 23:37:22'),
(221,	2,	1,	'2021-01-13',	58,	0,	'Efectivo',	'21013191030',	'2021-03-06 23:37:22'),
(222,	2,	1,	'2021-01-15',	632,	0,	'Tarjeta',	'21015124006',	'2021-03-06 23:37:22'),
(223,	2,	1,	'2021-01-15',	135,	0,	'Tarjeta',	'21015193853',	'2021-03-06 23:37:22'),
(224,	2,	1,	'2021-01-19',	39,	0,	'Tarjeta',	'21019112003',	'2021-03-06 23:37:22'),
(225,	2,	1,	'2021-01-19',	210,	0,	'Tarjeta',	'21019175638',	'2021-03-06 23:37:22'),
(226,	2,	1,	'2021-01-20',	120,	0,	'Efectivo',	'21020102620',	'2021-03-06 23:37:22'),
(227,	2,	1,	'2021-01-26',	57,	0,	'Tarjeta',	'21026123731',	'2021-03-06 23:37:22'),
(228,	2,	1,	'2021-01-26',	62,	0,	'Tarjeta',	'21026123901',	'2021-03-06 23:37:22'),
(229,	2,	1,	'2021-01-26',	345,	0,	'Efectivo',	'21026173732',	'2021-03-06 23:37:22'),
(230,	2,	1,	'2021-01-27',	54,	0,	'Tarjeta',	'21027180836',	'2021-03-06 23:37:22'),
(231,	2,	1,	'2021-01-28',	3.95,	0,	'Efectivo',	'21028115843',	'2021-03-06 23:37:22'),
(232,	2,	1,	'2021-02-01',	7.5,	0,	'Efectivo',	'21032112701',	'2021-03-06 23:37:22'),
(233,	2,	1,	'2021-02-03',	22.5,	0,	'Efectivo',	'21034190256',	'2021-03-06 23:37:22'),
(234,	2,	1,	'2021-02-03',	99,	0,	'Tarjeta',	'21034193625',	'2021-03-06 23:37:22'),
(235,	2,	1,	'2021-02-05',	23.95,	0,	'Tarjeta',	'21036123236',	'2021-03-06 23:37:22'),
(236,	2,	1,	'2021-02-08',	32,	0,	'Tarjeta',	'21039130557',	'2021-03-06 23:37:22'),
(237,	2,	1,	'2021-02-08',	58,	0,	'Tarjeta',	'21039131012',	'2021-03-06 23:37:22'),
(238,	2,	1,	'2021-02-08',	45,	0,	'Tarjeta',	'21039172305',	'2021-03-06 23:37:22'),
(239,	2,	1,	'2021-02-08',	4355,	0,	'Tarjeta',	'21039193543',	'2021-03-06 23:37:22'),
(240,	2,	1,	'2021-02-08',	5.95,	0,	'Efectivo',	'21039193559',	'2021-03-06 23:37:22'),
(241,	2,	1,	'2021-02-08',	1224,	0,	'Tarjeta',	'21039193854',	'2021-03-06 23:37:22'),
(242,	2,	1,	'2021-02-10',	560,	0,	'Efectivo',	'21041181753',	'2021-03-06 23:37:22'),
(243,	2,	1,	'2021-02-12',	805,	0,	'Efectivo',	'21043111110',	'2021-03-06 23:37:22'),
(244,	2,	1,	'2021-02-12',	32,	0,	'Tarjeta',	'21043112310',	'2021-03-06 23:37:22'),
(245,	2,	1,	'2021-02-12',	190,	0,	'Efectivo',	'21043180633',	'2021-03-06 23:37:22'),
(246,	2,	1,	'2021-02-15',	118,	0,	'Efectivo',	'21046171214',	'2021-03-06 23:37:22'),
(247,	2,	1,	'2021-02-15',	-55,	0,	'Efectivo',	'21046171458',	'2021-03-06 23:37:22'),
(248,	2,	1,	'2021-02-15',	14.95,	0,	'Efectivo',	'21046185122',	'2021-03-06 23:37:22'),
(249,	2,	1,	'2021-02-17',	44,	0,	'Tarjeta',	'21048124445',	'2021-03-06 23:37:22'),
(250,	2,	1,	'2021-02-17',	494,	0,	'Tarjeta',	'21048174735',	'2021-03-06 23:37:22'),
(251,	2,	1,	'2021-02-17',	135,	0,	'Tarjeta',	'21048180923',	'2021-03-06 23:37:22'),
(252,	2,	1,	'2021-02-17',	715,	0,	'Efectivo',	'21048192133',	'2021-03-06 23:37:22'),
(253,	2,	1,	'2021-02-18',	79,	0,	'Tarjeta',	'21049115009',	'2021-03-06 23:37:22'),
(254,	2,	1,	'2021-02-18',	186,	0,	'Tarjeta',	'21049185908',	'2021-03-06 23:37:22'),
(255,	2,	1,	'2021-02-19',	710,	0,	'Tarjeta',	'21050190104',	'2021-03-06 23:37:22'),
(256,	2,	1,	'2021-02-22',	44,	0,	'Efectivo',	'21053185445',	'2021-03-06 23:37:22'),
(257,	2,	1,	'2021-02-23',	42,	0,	'Tarjeta',	'21054112609',	'2021-03-06 23:37:22'),
(258,	2,	1,	'2021-02-24',	1378.5,	0,	'Efectivo',	'21055124410',	'2021-03-06 23:37:22'),
(259,	2,	1,	'2021-02-26',	9,	0,	'Efectivo',	'21057104059',	'2021-03-06 23:37:22'),
(260,	2,	1,	'2021-03-04',	275,	0,	'Tarjeta',	'21063114206',	'2021-03-06 23:37:22'),
(261,	2,	1,	'2021-03-05',	26,	0,	'Tarjeta',	'21064121136',	'2021-03-06 23:37:22'),
(262,	2,	1,	'2021-03-05',	9,	0,	'Efectivo',	'21064121153',	'2021-03-06 23:37:22'),
(263,	2,	1,	'2021-03-10',	42,	0,	'Tarjeta',	'21069190555',	'2021-03-13 01:23:24'),
(264,	2,	1,	'2021-03-08',	58,	0,	'Efectivo',	'21067163827',	'2021-03-13 01:24:15'),
(265,	2,	1,	'2021-03-10',	42,	0,	'Tarjeta',	'21069190555',	'2021-03-13 16:47:33'),
(266,	2,	1,	'2021-03-12',	120,	0,	'Tarjeta',	'21071104719',	'2021-03-13 16:47:37'),
(267,	2,	1,	'2021-03-15',	41.8,	0,	'Tarjeta',	'21074105615',	'2021-03-17 00:57:41'),
(268,	2,	1,	'2021-03-16',	25,	0,	'Efectivo',	'21075171532',	'2021-03-17 00:57:44'),
(269,	2,	1,	'2021-03-26',	5.9,	0,	'Efectivo',	'21085105509.pdf',	'2021-03-26 10:54:47'),
(270,	2,	1,	'2021-03-26',	200,	0,	'Efectivo',	'21085105617.pdf',	'2021-03-26 10:55:10'),
(271,	2,	1,	'2021-03-26',	90,	0,	'Tarjeta',	'21085105701.pdf',	'2021-03-26 10:56:17'),
(272,	2,	1,	'2021-03-26',	89.4,	0,	'Tarjeta',	'21085105817.pdf',	'2021-03-26 10:57:01'),
(273,	2,	1,	'2021-03-26',	155,	0,	'Tarjeta',	'21085105848.pdf',	'2021-03-26 10:58:17'),
(274,	2,	1,	'2021-03-26',	111,	0,	'Tarjeta',	'21085215908.pdf',	'2021-03-26 10:58:49'),
(275,	2,	1,	'2021-03-26',	265,	0,	'Tarjeta',	'21085215937.pdf',	'2021-03-26 21:59:08'),
(276,	2,	1,	'2021-04-01',	5240.2,	0,	'Tarjeta',	'21097154641.pdf',	'2021-04-01 23:38:16'),
(277,	2,	1,	'2021-04-07',	430,	0,	'Efectivo',	'21097154836.pdf',	'2021-04-07 15:46:42'),
(278,	2,	1,	'2021-04-07',	30,	0,	'Efectivo',	'21097154932.pdf',	'2021-04-07 15:48:36'),
(279,	2,	1,	'2021-04-07',	-79,	0,	'Tarjeta',	'21097154957.pdf',	'2021-04-07 15:49:32'),
(280,	2,	1,	'2021-04-07',	54,	0,	'Tarjeta',	'21097155101.pdf',	'2021-04-07 15:49:57'),
(281,	2,	1,	'2021-04-07',	50,	0,	'Efectivo',	'21097155129.pdf',	'2021-04-07 15:51:01'),
(282,	2,	1,	'2021-04-08',	500,	0,	'Tarjeta',	'21098222400.pdf',	'2021-04-08 22:23:25'),
(283,	2,	1,	'2021-04-08',	36,	0,	'Efectivo',	'21098222652.pdf',	'2021-04-08 22:24:01'),
(284,	2,	1,	'2021-04-08',	89.95,	0,	'Efectivo',	'21098222741.pdf',	'2021-04-08 22:26:52'),
(285,	2,	1,	'2021-04-10',	75,	0,	'Efectivo',	'21105220843.pdf',	'2021-04-10 11:54:20'),
(286,	2,	1,	'2021-04-15',	26,	0,	'Efectivo',	'21105221035.pdf',	'2021-04-15 22:09:56'),
(287,	2,	1,	'2021-04-15',	18,	0,	'Efectivo',	'21105221614.pdf',	'2021-04-15 22:10:36'),
(288,	2,	1,	'2021-04-15',	1600,	0,	'Tarjeta',	'21105221655.pdf',	'2021-04-15 22:16:15'),
(290,	2,	1,	'2021-04-15',	12.95,	0,	'Efectivo',	'21105221918.pdf',	'2021-04-15 22:18:24'),
(291,	11,	1,	'2021-04-15',	0,	0,	'Tarjeta',	'',	'2021-04-15 22:24:00'),
(292,	11,	1,	'2021-04-15',	0,	0,	'Tarjeta',	'',	'2021-04-15 23:54:48'),
(293,	2,	1,	'2021-04-20',	84,	0,	'Efectivo',	'21110225838.pdf',	'2021-04-20 22:57:02'),
(294,	2,	1,	'2021-04-20',	36,	0,	'Efectivo',	'21117182637.pdf',	'2021-04-20 22:58:39'),
(295,	2,	1,	'2021-04-27',	69,	0,	'Tarjeta',	'21117221830.pdf',	'2021-04-27 18:26:38'),
(309,	2,	1,	'2021-05-03',	39.5,	0,	'Efectivo',	'21126180144.pdf',	'2021-05-03 13:06:00'),
(312,	2,	1,	'2021-05-05',	1425,	0,	'Tarjeta',	'21125191129.pdf',	'2021-05-05 18:50:25'),
(313,	2,	1,	'2021-05-05',	850,	0,	'Tarjeta',	'21125190901.pdf',	'2021-05-05 18:50:25'),
(314,	2,	1,	'2021-05-06',	51.95,	0,	'Efectivo',	'21126195125.pdf',	'2021-05-06 18:01:44'),
(315,	2,	1,	'2021-05-06',	19.5,	0,	'Efectivo',	'21130113833.pdf',	'2021-05-06 19:51:26'),
(316,	11,	1,	'2021-05-07',	0,	0,	'Tarjeta',	'',	'2021-05-07 17:29:54'),
(317,	11,	1,	'2021-05-07',	0,	0,	'Tarjeta',	'',	'2021-05-07 17:29:54'),
(318,	3,	1,	'2021-05-10',	0,	0,	'Tarjeta',	'',	'2021-05-10 11:38:33'),
(319,	1,	1,	'2021-05-10',	0,	0,	'Tarjeta',	'',	'2021-05-10 18:34:45');

DROP TABLE IF EXISTS `clientes`;
CREATE TABLE `clientes` (
  `id` int(11) NOT NULL AUTO_INCREMENT,
  `nombre_cl` varchar(100) COLLATE utf8mb4_unicode_ci NOT NULL,
  `apellidos_cl` varchar(150) COLLATE utf8mb4_unicode_ci DEFAULT NULL,
  `ciudad_cl` varchar(100) COLLATE utf8mb4_unicode_ci DEFAULT NULL,
  `direccion_cl` varchar(255) COLLATE utf8mb4_unicode_ci DEFAULT NULL,
  `telefono1_cl` varchar(9) COLLATE utf8mb4_unicode_ci DEFAULT NULL,
  `telefono2_cl` varchar(9) COLLATE utf8mb4_unicode_ci DEFAULT NULL,
  `email_cl` varchar(100) COLLATE utf8mb4_unicode_ci DEFAULT NULL,
  `timestampalta_cl` timestamp NOT NULL DEFAULT CURRENT_TIMESTAMP,
  PRIMARY KEY (`id`)
) ENGINE=InnoDB DEFAULT CHARSET=utf8mb4 COLLATE=utf8mb4_unicode_ci;

INSERT INTO `clientes` (`id`, `nombre_cl`, `apellidos_cl`, `ciudad_cl`, `direccion_cl`, `telefono1_cl`, `telefono2_cl`, `email_cl`, `timestampalta_cl`) VALUES
(27,	'ANTONIO',	'FERNANDEZ',	NULL,	'CALLE NUÑEZ DE BALBOA n° 75 7D',	'666111111',	NULL,	NULL,	'2021-05-03 21:59:30'),
(28,	'ISABEL',	'AYUSO',	NULL,	'CALLE GENERAL SUAREZ VALDES Nº 42 7º D',	'644556966',	NULL,	NULL,	'2021-05-05 16:50:25'),
(29,	'ROBERTO',	'BECERRIL',	NULL,	'AVENIDA CONSTITUCIÓN Nº35 2ºB',	'639822485',	NULL,	NULL,	'2021-05-07 15:29:53');

DROP TABLE IF EXISTS `detallecesta`;
CREATE TABLE `detallecesta` (
  `id` int(11) NOT NULL AUTO_INCREMENT,
  `cesta_dc_id` int(11) NOT NULL,
  `producto_dc_id` int(11) NOT NULL,
  `cantidad_dc` int(11) NOT NULL,
  `pvp_dc` double NOT NULL,
  `descuento_dc` double NOT NULL,
  `timestamp_dc` timestamp NOT NULL DEFAULT CURRENT_TIMESTAMP,
  `precio_dc` double DEFAULT NULL,
  PRIMARY KEY (`id`),
  KEY `IDX_A3E82772787386AA` (`cesta_dc_id`),
  KEY `IDX_A3E827725A246A35` (`producto_dc_id`),
  CONSTRAINT `FK_A3E827725A246A35` FOREIGN KEY (`producto_dc_id`) REFERENCES `productos` (`id`),
  CONSTRAINT `FK_A3E82772787386AA` FOREIGN KEY (`cesta_dc_id`) REFERENCES `cestas` (`id`)
) ENGINE=InnoDB DEFAULT CHARSET=utf8mb4 COLLATE=utf8mb4_unicode_ci;

INSERT INTO `detallecesta` (`id`, `cesta_dc_id`, `producto_dc_id`, `cantidad_dc`, `pvp_dc`, `descuento_dc`, `timestamp_dc`, `precio_dc`) VALUES
(342,	312,	10035,	1,	150.78,	0,	'2021-05-05 16:55:04',	125.56),
(343,	312,	10040,	1,	19,	0,	'2021-05-05 16:55:13',	0),
(344,	312,	10306,	4,	15,	0,	'2021-05-05 16:55:26',	9.8),
(345,	312,	10305,	20,	24,	0,	'2021-05-05 16:55:37',	12),
(347,	312,	10304,	1,	1700,	0,	'2021-05-05 16:59:49',	1700),
(348,	312,	10137,	1,	575,	0,	'2021-05-05 17:02:28',	263.08),
(349,	313,	268,	1,	850,	0,	'2021-05-05 17:09:01',	0),
(350,	309,	10254,	1,	39.5,	0,	'2021-05-06 16:01:15',	0),
(351,	314,	10272,	1,	51.95,	0,	'2021-05-06 17:51:22',	27.1),
(352,	315,	10322,	1,	19.5,	0,	'2021-05-10 09:38:24',	9.84),
(353,	318,	10138,	1,	1970,	0,	'2021-05-10 16:34:17',	0),
(354,	318,	268,	1,	-500,	0,	'2021-05-10 16:34:29',	0);

DROP TABLE IF EXISTS `doctrine_migration_versions`;
CREATE TABLE `doctrine_migration_versions` (
  `version` varchar(191) COLLATE utf8_unicode_ci NOT NULL,
  `executed_at` datetime DEFAULT NULL,
  `execution_time` int(11) DEFAULT NULL,
  PRIMARY KEY (`version`)
) ENGINE=InnoDB DEFAULT CHARSET=utf8 COLLATE=utf8_unicode_ci;


DROP TABLE IF EXISTS `efectivo`;
CREATE TABLE `efectivo` (
  `id` int(11) NOT NULL AUTO_INCREMENT,
  `tipoEf` int(11) DEFAULT NULL,
  `concepto_ef` varchar(255) COLLATE utf8mb4_unicode_ci NOT NULL,
  `fecha_ef` date NOT NULL,
  `importe_ef` double NOT NULL,
  `timestamp_ef` datetime NOT NULL,
  PRIMARY KEY (`id`),
  KEY `IDX_94D7FEC0B438A8E4` (`tipoEf`),
  CONSTRAINT `FK_94D7FEC0B438A8E4` FOREIGN KEY (`tipoEf`) REFERENCES `tiposmovimiento` (`id`)
) ENGINE=InnoDB DEFAULT CHARSET=utf8mb4 COLLATE=utf8mb4_unicode_ci;

INSERT INTO `efectivo` (`id`, `tipoEf`, `concepto_ef`, `fecha_ef`, `importe_ef`, `timestamp_ef`) VALUES
(47,	1,	'Javi Electra',	'2021-01-22',	-1100,	'2021-01-03 23:00:00'),
(48,	1,	'Nacho Electra',	'2021-01-22',	-556,	'2021-03-01 23:44:21'),
(49,	4,	'Factura Joaquin',	'2021-01-22',	-672.5,	'2021-03-01 23:47:17'),
(50,	4,	'Proveedor Salgar',	'2021-01-22',	-100,	'2021-03-01 23:49:37'),
(51,	7,	'Focos casa nueva',	'2021-01-25',	-110,	'2021-03-03 00:00:00'),
(52,	7,	'Encimera de nuestra casa',	'2021-01-25',	-1890,	'2021-03-03 23:01:31'),
(53,	7,	'Electricidad casa nueva',	'2021-01-25',	-19,	'2021-03-03 23:02:17'),
(54,	7,	'Agujero cocina',	'2021-01-25',	-100,	'2021-03-03 23:02:47'),
(55,	1,	'Antonio Mampara',	'2021-01-25',	-65,	'2021-03-03 23:03:21'),
(56,	7,	'Portalamparas y cable',	'2021-01-26',	-18,	'2021-03-03 23:04:15'),
(57,	7,	'Puertas y suelo',	'2021-01-28',	-601,	'2021-03-03 23:04:59'),
(58,	5,	'Ambientador',	'2021-02-02',	-15,	'2021-03-03 23:05:57'),
(59,	1,	'Javi',	'2021-02-05',	-250,	'2021-03-03 23:06:24'),
(60,	1,	'Nacho Fontanero',	'2021-02-12',	-295,	'2021-03-03 23:07:05'),
(61,	1,	'Javi',	'2021-02-12',	-60,	'2021-03-03 23:07:44'),
(62,	1,	'Nacho Fontanero',	'2021-02-19',	-140,	'2021-03-03 23:08:28'),
(63,	7,	'Fotos',	'2021-02-22',	-95,	'2021-03-03 23:09:01'),
(64,	1,	'Antonio',	'2021-02-23',	-165,	'2021-03-03 23:09:26'),
(65,	4,	'Mediterranea',	'2021-02-05',	-795,	'2021-03-03 23:09:53'),
(66,	4,	'Boet',	'2021-02-25',	-25.5,	'2021-03-03 23:10:30'),
(67,	1,	'Nacho Fontanero',	'2021-02-26',	-110,	'2021-03-03 23:11:17'),
(68,	1,	'Javi',	'2021-02-26',	-250,	'2021-03-03 23:11:42'),
(69,	9,	'Inicial',	'2021-01-01',	5214.65,	'2021-03-09 16:00:59'),
(70,	4,	'Arena',	'2021-03-10',	-26,	'2021-03-11 14:05:29'),
(71,	4,	'Cables',	'2021-03-15',	-8,	'2021-03-17 11:41:39'),
(72,	5,	'Ambientador',	'2021-03-15',	-15,	'2021-03-17 11:42:08'),
(73,	4,	'Cuesta',	'2021-03-15',	-22.7,	'2021-03-17 11:42:34'),
(74,	3,	'Devolución ticket tarjeta 275',	'2021-03-24',	-275,	'2021-03-26 09:21:58'),
(75,	5,	'Furgoneta ITV',	'2021-03-25',	-95,	'2021-03-26 09:22:57'),
(76,	1,	'Antonio Mampara',	'2021-03-25',	-75,	'2021-03-26 09:23:42'),
(77,	1,	'Diego Escayola',	'2021-03-25',	-150,	'2021-03-26 09:24:14'),
(78,	8,	'Ingreso',	'2021-03-25',	-1000,	'2021-03-26 09:32:18'),
(79,	1,	'Javi',	'2021-03-26',	-550,	'2021-03-26 22:05:06'),
(80,	8,	'Transferencia Banco',	'2021-03-29',	600,	'2021-03-30 16:44:09'),
(81,	1,	'Javi',	'2021-03-30',	-550,	'2021-03-30 16:45:21'),
(82,	4,	'Mi Baño',	'2021-03-30',	-685,	'2021-03-30 16:45:57'),
(83,	1,	'Nacho Fontanero',	'2021-03-30',	-660,	'2021-03-30 16:50:46'),
(84,	8,	'Transferencia Banco',	'2021-03-30',	350,	'2021-04-01 23:35:24'),
(85,	8,	'Transferencia Banco',	'2021-04-05',	200,	'2021-04-07 12:00:06'),
(86,	5,	'Gasolina',	'2021-04-19',	-53,	'2021-04-20 23:10:34'),
(87,	4,	'Nota Euromuebles',	'2021-04-25',	-303,	'2021-04-27 18:23:35'),
(88,	1,	'Javi',	'2021-04-27',	-300,	'2021-04-27 21:46:53'),
(89,	1,	'Mino',	'2021-04-27',	-80,	'2021-04-27 21:47:14'),
(90,	4,	'Grifos',	'2021-04-30',	-52,	'2021-05-05 09:05:12'),
(91,	4,	'Materiales Cuesta',	'2021-05-05',	-26.8,	'2021-05-05 11:32:39'),
(92,	1,	'Colocación mueble Paseo la Infancia',	'2021-05-07',	-95,	'2021-05-07 18:40:15'),
(93,	1,	'Colocación mampara calle río Nalón 21',	'2021-05-07',	-70,	'2021-05-07 18:41:18'),
(94,	4,	'Llave y enchufe baño Avelino Gonzalez Mallada',	'2021-05-10',	-17,	'2021-05-10 18:00:00');

DROP TABLE IF EXISTS `estadocestas`;
CREATE TABLE `estadocestas` (
  `id` int(11) NOT NULL AUTO_INCREMENT,
  `descripcion_ec` varchar(255) COLLATE utf8mb4_unicode_ci NOT NULL,
  PRIMARY KEY (`id`)
) ENGINE=InnoDB DEFAULT CHARSET=utf8mb4 COLLATE=utf8mb4_unicode_ci;

INSERT INTO `estadocestas` (`id`, `descripcion_ec`) VALUES
(1,	'En Curso'),
(2,	'Finalizada'),
(3,	'Pendiente'),
(4,	'Pendiente de Medir'),
(5,	'Pendiente de Escoger'),
(6,	'Hacer Prespuesto'),
(7,	'Presupuesto Realizado'),
(8,	'Presupuesto Entregado'),
(9,	'Aceptado'),
(10,	'Finalizado'),
(11,	'Presupuesto'),
(12,	'Rechazado');

DROP TABLE IF EXISTS `forecast`;
CREATE TABLE `forecast` (
  `id` int(11) NOT NULL AUTO_INCREMENT,
  `tipo_fr_id` int(11) NOT NULL,
  `concepto_fr` varchar(255) COLLATE utf8mb4_unicode_ci NOT NULL,
  `fecha_fr` date NOT NULL,
  `importe_fr` double NOT NULL,
  `origen_fr` varchar(50) COLLATE utf8mb4_unicode_ci NOT NULL,
  `fijovar_fr` varchar(1) COLLATE utf8mb4_unicode_ci NOT NULL,
  `estado_fr` varchar(10) COLLATE utf8mb4_unicode_ci NOT NULL,
  PRIMARY KEY (`id`),
  KEY `IDX_2A9C78448EDA9B0D` (`tipo_fr_id`),
  CONSTRAINT `forecast_FK` FOREIGN KEY (`tipo_fr_id`) REFERENCES `tiposmovimiento` (`id`)
) ENGINE=InnoDB DEFAULT CHARSET=utf8mb4 COLLATE=utf8mb4_unicode_ci;

INSERT INTO `forecast` (`id`, `tipo_fr_id`, `concepto_fr`, `fecha_fr`, `importe_fr`, `origen_fr`, `fijovar_fr`, `estado_fr`) VALUES
(93,	4,	'Valoracion Mi Baño',	'2021-03-31',	-319.8,	'Efectivo',	'V',	'C'),
(94,	4,	'Valoracion Euromuebles',	'2021-04-30',	-303,	'Efectivo',	'V',	'C'),
(95,	4,	'Factura GME',	'2021-03-29',	-191.79,	'Banco',	'V',	'C'),
(96,	4,	'Factura GME',	'2021-04-28',	-191.79,	'Banco',	'V',	'C'),
(97,	4,	'Factura GME',	'2021-03-14',	-108.28,	'Banco',	'V',	'C'),
(98,	4,	'Factura Salgar',	'2021-03-08',	-244.45,	'Banco',	'V',	'C'),
(99,	4,	'Factura Comercial Camacho',	'2021-03-28',	-103.49,	'Banco',	'V',	'C'),
(100,	4,	'Factura del Baño',	'2021-04-26',	-110.56,	'Banco',	'V',	'C'),
(101,	4,	'Factura GME',	'2021-04-17',	-34.07,	'Banco',	'V',	'C'),
(102,	4,	'Factura GME',	'2021-04-17',	-576.23,	'Banco',	'V',	'C'),
(103,	4,	'Factura GME',	'2021-05-01',	-386.17,	'Banco',	'F',	'C'),
(104,	4,	'Factura Kassandra',	'2021-04-02',	-364.2,	'Banco',	'V',	'C'),
(105,	2,	'Asesoria',	'2021-04-01',	-60.5,	'Banco',	'F',	'C'),
(106,	2,	'One and One',	'2021-03-15',	-6,	'Banco',	'F',	'C'),
(107,	2,	'Impuestos',	'2021-04-20',	-532,	'Banco',	'F',	'C'),
(108,	2,	'Aguas',	'2021-04-15',	-55,	'Banco',	'F',	'D'),
(109,	2,	'Telecable',	'2021-03-31',	-50,	'Banco',	'F',	'C'),
(110,	2,	'EDP',	'2021-04-15',	-100,	'Banco',	'F',	'C'),
(111,	2,	'Autonomos',	'2021-03-26',	-153,	'Banco',	'F',	'C'),
(112,	2,	'Asesoria',	'2021-05-01',	-60.5,	'Banco',	'F',	'C'),
(113,	2,	'Asesoria',	'2021-06-01',	-60.5,	'Banco',	'F',	'P'),
(114,	2,	'Asesoria',	'2021-07-01',	-60.5,	'Banco',	'F',	'P'),
(115,	2,	'Asesoria',	'2021-08-01',	-60.5,	'Banco',	'F',	'P'),
(116,	2,	'Asesoria',	'2021-09-01',	-60.5,	'Banco',	'F',	'P'),
(117,	2,	'Asesoria',	'2021-10-01',	-60.5,	'Banco',	'F',	'P'),
(118,	2,	'Asesoria',	'2021-11-01',	-60.5,	'Banco',	'F',	'P'),
(119,	2,	'Asesoria',	'2021-12-01',	-60.5,	'Banco',	'F',	'P'),
(120,	2,	'One and One',	'2021-04-15',	-6,	'Banco',	'F',	'C'),
(121,	2,	'One and One',	'2021-05-15',	-6,	'Banco',	'F',	'P'),
(122,	2,	'One and One',	'2021-06-15',	-6,	'Banco',	'F',	'P'),
(123,	2,	'One and One',	'2021-07-15',	-6,	'Banco',	'F',	'P'),
(124,	2,	'One and One',	'2021-08-15',	-6,	'Banco',	'F',	'P'),
(125,	2,	'One and One',	'2021-09-15',	-6,	'Banco',	'F',	'P'),
(126,	2,	'One and One',	'2021-10-15',	-6,	'Banco',	'F',	'P'),
(127,	2,	'One and One',	'2021-11-15',	-6,	'Banco',	'F',	'P'),
(128,	2,	'One and One',	'2021-12-15',	-6,	'Banco',	'F',	'P'),
(129,	2,	'Impuestos',	'2021-07-20',	-532,	'Banco',	'F',	'P'),
(130,	2,	'Impuestos',	'2021-10-20',	-532,	'Banco',	'F',	'P'),
(131,	2,	'Aguas',	'2021-07-15',	-55,	'Banco',	'F',	'P'),
(132,	2,	'Aguas',	'2021-10-15',	-55,	'Banco',	'F',	'P'),
(133,	2,	'Telecable',	'2021-04-30',	-50,	'Banco',	'F',	'C'),
(134,	2,	'Telecable',	'2021-05-31',	-50,	'Banco',	'F',	'P'),
(135,	2,	'Telecable',	'2021-06-29',	-50,	'Banco',	'F',	'P'),
(136,	2,	'Telecable',	'2021-07-31',	-50,	'Banco',	'F',	'P'),
(137,	2,	'Telecable',	'2021-08-31',	-50,	'Banco',	'F',	'P'),
(138,	2,	'Telecable',	'2021-09-30',	-50,	'Banco',	'F',	'P'),
(139,	2,	'Telecable',	'2021-10-31',	-50,	'Banco',	'F',	'P'),
(140,	2,	'Telecable',	'2021-11-30',	-50,	'Banco',	'F',	'P'),
(141,	2,	'Telecable',	'2021-12-31',	-50,	'Banco',	'F',	'P'),
(142,	2,	'EDP',	'2021-06-15',	-100,	'Banco',	'F',	'P'),
(143,	2,	'EDP',	'2021-08-15',	-100,	'Banco',	'F',	'P'),
(144,	2,	'EDP',	'2021-10-15',	-100,	'Banco',	'F',	'P'),
(145,	2,	'EDP',	'2021-12-15',	-100,	'Banco',	'F',	'P'),
(146,	2,	'Autonomos',	'2021-04-26',	-153,	'Banco',	'F',	'C'),
(147,	2,	'Autonomos',	'2021-05-26',	-153,	'Banco',	'F',	'P'),
(148,	2,	'Autonomos',	'2021-06-26',	-153,	'Banco',	'F',	'P'),
(149,	2,	'Autonomos',	'2021-07-26',	-153,	'Banco',	'F',	'P'),
(150,	2,	'Autonomos',	'2021-08-26',	-153,	'Banco',	'F',	'P'),
(151,	2,	'Autonomos',	'2021-09-26',	-153,	'Banco',	'F',	'P'),
(152,	2,	'Autonomos',	'2021-10-26',	-153,	'Banco',	'F',	'P'),
(153,	2,	'Autonomos',	'2021-11-26',	-153,	'Banco',	'F',	'P'),
(154,	2,	'Autonomos',	'2021-12-26',	-153,	'Banco',	'F',	'P'),
(155,	2,	'Alquiler',	'2021-03-26',	-714,	'Banco',	'F',	'C'),
(156,	2,	'Alquiler',	'2021-04-26',	-714,	'Banco',	'F',	'C'),
(157,	2,	'Alquiler',	'2021-05-26',	-714,	'Banco',	'F',	'P'),
(158,	2,	'Alquiler',	'2021-06-26',	-714,	'Banco',	'F',	'P'),
(159,	2,	'Alquiler',	'2021-07-26',	-714,	'Banco',	'F',	'P'),
(160,	2,	'Alquiler',	'2021-08-26',	-714,	'Banco',	'F',	'P'),
(161,	2,	'Alquiler',	'2021-09-26',	-714,	'Banco',	'F',	'P'),
(162,	2,	'Alquiler',	'2021-10-26',	-714,	'Banco',	'F',	'P'),
(163,	2,	'Alquiler',	'2021-11-26',	-714,	'Banco',	'F',	'P'),
(164,	2,	'Alquiler',	'2021-12-26',	-714,	'Banco',	'F',	'P'),
(165,	4,	'Factura Comercial Camacho',	'2021-04-09',	-54.9,	'Banco',	'V',	'C'),
(166,	4,	'Factura Antonio Fdez Castellanos',	'2021-04-10',	-62.85,	'Banco',	'V',	'C'),
(167,	4,	'Factura GME',	'2021-03-22',	-741.29,	'Banco',	'V',	'C'),
(168,	4,	'Factura GME',	'2021-04-02',	-562.6,	'Banco',	'V',	'C'),
(169,	4,	'Factura Comercial Camacho',	'2021-04-21',	-541.58,	'Banco',	'V',	'C'),
(170,	4,	'Valoracion Mi Baño',	'2021-03-31',	-365.4,	'Efectivo',	'V',	'C'),
(171,	1,	'Javi',	'2021-03-31',	-550,	'Efectivo',	'V',	'C'),
(172,	3,	'Venta',	'2021-04-12',	1600,	'Banco',	'V',	'C'),
(173,	4,	'Factura Sariego',	'2021-04-29',	-281.78,	'Banco',	'V',	'C'),
(174,	4,	'Fatura Salgar',	'2021-05-16',	-53,	'Banco',	'V',	'D'),
(175,	4,	'Factura Salgar',	'2021-04-30',	-296.08,	'Banco',	'V',	'C'),
(176,	4,	'Factura Salgar',	'2021-04-30',	-228.67,	'Banco',	'V',	'C'),
(177,	4,	'Factura Salgar',	'2021-05-16',	-53,	'Banco',	'V',	'P'),
(178,	4,	'Factura GME',	'2021-06-14',	-1267.55,	'Banco',	'V',	'P'),
(179,	4,	'Factura Comercial Camacho',	'2021-05-17',	-57.69,	'Banco',	'V',	'P'),
(180,	4,	'Factura Sariego',	'2021-05-14',	-46.02,	'Banco',	'V',	'P'),
(181,	4,	'Factura GME',	'2021-06-21',	9.08,	'Banco',	'V',	'D'),
(182,	4,	'Factura GME',	'2021-06-21',	-9.05,	'Banco',	'V',	'P'),
(183,	4,	'Factura Cromados Modernos',	'2021-04-28',	-361.74,	'Banco',	'V',	'D'),
(184,	4,	'Factura CO2',	'2021-06-25',	-473.67,	'Banco',	'V',	'P'),
(185,	4,	'Factura Mileto',	'2021-05-29',	-328.2,	'Banco',	'V',	'P'),
(186,	4,	'Factura Cromados Modernos',	'2021-06-27',	-361.74,	'Banco',	'V',	'P'),
(187,	4,	'Factura GME',	'2021-05-07',	-100,	'Banco',	'V',	'C'),
(188,	4,	'Factura Antonio Fernandez (Salgar)',	'2021-06-06',	-160.52,	'Banco',	'V',	'P');

DROP TABLE IF EXISTS `presupuestos`;
CREATE TABLE `presupuestos` (
  `id` int(11) NOT NULL AUTO_INCREMENT,
  `estado_pe_id` int(11) NOT NULL,
  `user_pe_id` int(11) NOT NULL,
  `ticket_id` int(11) DEFAULT NULL,
  `fechaini_pe` date DEFAULT NULL,
  `costetot_pe` double DEFAULT NULL,
  `importetot_pe` double NOT NULL,
  `descuaeto_pe` double NOT NULL,
  `tipopagotot_pe` varchar(20) COLLATE utf8mb4_unicode_ci DEFAULT NULL,
  `importesnal_pe` double DEFAULT NULL,
  `tipopagosnal_pe` varchar(20) COLLATE utf8mb4_unicode_ci DEFAULT NULL,
  `manoobra_pe` longtext COLLATE utf8mb4_unicode_ci,
  `cliente_pe_id` int(11) NOT NULL,
  `timestamp_mod_pe` timestamp NOT NULL DEFAULT CURRENT_TIMESTAMP,
  `ticketsnal_id` int(11) DEFAULT NULL,
  PRIMARY KEY (`id`),
  UNIQUE KEY `UNIQ_4CF2F0D700047D2` (`ticket_id`),
  UNIQUE KEY `UNIQ_4CF2F0DBDC1FCCE` (`ticketsnal_id`),
  KEY `IDX_4CF2F0DA0F38A33` (`estado_pe_id`),
  KEY `IDX_4CF2F0D48CAF799` (`user_pe_id`),
  KEY `IDX_4CF2F0D798551F2` (`cliente_pe_id`),
  CONSTRAINT `FK_4CF2F0D48CAF799` FOREIGN KEY (`user_pe_id`) REFERENCES `admin` (`id`),
  CONSTRAINT `FK_4CF2F0D700047D2` FOREIGN KEY (`ticket_id`) REFERENCES `cestas` (`id`),
  CONSTRAINT `FK_4CF2F0D798551F2` FOREIGN KEY (`cliente_pe_id`) REFERENCES `clientes` (`id`),
  CONSTRAINT `FK_4CF2F0DA0F38A33` FOREIGN KEY (`estado_pe_id`) REFERENCES `estadocestas` (`id`),
  CONSTRAINT `FK_4CF2F0DBDC1FCCE` FOREIGN KEY (`ticketsnal_id`) REFERENCES `cestas` (`id`)
) ENGINE=InnoDB DEFAULT CHARSET=utf8mb4 COLLATE=utf8mb4_unicode_ci;

INSERT INTO `presupuestos` (`id`, `estado_pe_id`, `user_pe_id`, `ticket_id`, `fechaini_pe`, `costetot_pe`, `importetot_pe`, `descuaeto_pe`, `tipopagotot_pe`, `importesnal_pe`, `tipopagosnal_pe`, `manoobra_pe`, `cliente_pe_id`, `timestamp_mod_pe`, `ticketsnal_id`) VALUES
(24,	6,	1,	312,	'2021-05-05',	0,	2275,	0,	NULL,	850,	'Tarjeta',	'<p>\r\n\r\n                                           Plato de ducha\r\n                                    </p><ul><li>Editar<br></li></ul>',	28,	'2021-05-05 16:50:25',	313),
(25,	6,	1,	316,	'2021-05-07',	0,	0,	0,	NULL,	NULL,	NULL,	NULL,	29,	'2021-05-07 15:29:53',	317);

DROP TABLE IF EXISTS `productos`;
CREATE TABLE `productos` (
  `id` int(11) NOT NULL AUTO_INCREMENT,
  `descripcion_pd` varchar(255) CHARACTER SET utf8mb4 COLLATE utf8mb4_unicode_ci NOT NULL,
  `tipo_pd_id` int(11) DEFAULT NULL,
  `precio_pd` double NOT NULL,
  `pvp_pd` double NOT NULL,
  `stock_pd` smallint(6) NOT NULL,
  `fec_alta_pd` datetime NOT NULL,
  PRIMARY KEY (`id`),
  KEY `IDX_767490E61408F16C` (`tipo_pd_id`),
  CONSTRAINT `FK_767490E61408F16C` FOREIGN KEY (`tipo_pd_id`) REFERENCES `tipoproducto` (`id`)
) ENGINE=InnoDB DEFAULT CHARSET=utf8 COLLATE=utf8_unicode_ci;

INSERT INTO `productos` (`id`, `descripcion_pd`, `tipo_pd_id`, `precio_pd`, `pvp_pd`, `stock_pd`, `fec_alta_pd`) VALUES
(268,	'Señal 30%',	1,	0,	-500,	2,	'2021-01-19 00:00:00'),
(10033,	'Aktual bañera',	3,	0,	518,	0,	'2020-03-02 00:00:00'),
(10034,	'Aktual',	3,	452.85,	455.88,	4,	'2020-01-02 00:00:00'),
(10035,	'Anilla Paris',	4,	125.56,	150.78,	1,	'2020-01-02 00:00:00'),
(10036,	'Barra Paris',	4,	74.55,	89.67,	2,	'2020-01-06 00:00:00'),
(10037,	'Barra Roma',	4,	77.88,	99.56,	4,	'2020-01-06 00:00:00'),
(10038,	'Anilla Roma',	4,	23.77,	0,	2,	'2019-12-13 23:00:00'),
(10039,	'Agarradera Roma',	4,	47.88,	0,	1,	'2019-12-13 23:00:00'),
(10040,	'Repuesto escobilla CO2',	4,	0,	19,	2,	'2020-01-10 00:00:00'),
(10041,	'Cesta recta Mediterranea',	4,	0,	63,	2,	'2020-08-31 00:00:00'),
(10042,	'Escobillero pie ref Pr12 CM',	4,	0,	78.5,	2,	'2020-01-13 00:00:00'),
(10043,	'Escobillero pie Ref.40243',	4,	0,	122,	2,	'2020-01-13 00:00:00'),
(10044,	'Espejo base rectangular x3',	4,	0,	54,	0,	'2020-01-13 00:00:00'),
(10045,	'Escobillero pie Ref.40242',	4,	0,	135,	2,	'2020-01-13 00:00:00'),
(10046,	'Tapa WC decorada',	4,	0,	59,	5,	'2020-01-13 00:00:00'),
(10047,	'Esquinera doble Arcoban Ref.D00',	4,	30.46,	49,	3,	'2020-06-03 00:00:00'),
(10048,	'Recambio ducha Ref.Kive',	4,	0,	18,	2,	'2020-01-13 00:00:00'),
(10049,	'Cesta ducha 30cm Ref. Iceberg',	4,	0,	22.5,	2,	'2020-01-13 00:00:00'),
(10050,	'Asa dibujo',	4,	0,	29,	2,	'2020-01-13 00:00:00'),
(10051,	'Esquinera',	4,	0,	64,	2,	'2020-01-13 00:00:00'),
(10052,	'Recambio ducha redonda',	4,	0,	16,	2,	'2020-01-13 00:00:00'),
(10053,	'Cesta  adhesiva ducha Ref.JR18 MEDITERRANEA',	4,	0,	69.9,	2,	'2020-01-13 00:00:00'),
(10054,	'Recambio ducha Ref.Guadalquivir',	4,	5.88,	13.5,	4,	'2020-06-03 00:00:00'),
(10055,	'Cesta colgar ducha blanca',	4,	0,	57,	2,	'2020-01-13 00:00:00'),
(10056,	'Percha 2 lados',	4,	0,	47,	2,	'2020-01-13 00:00:00'),
(10057,	'Asa 22cm',	4,	0,	18,	2,	'2020-01-13 00:00:00'),
(10058,	'Limpia Mamparas Ref.60731',	4,	15,	29,	5,	'2020-06-04 00:00:00'),
(10059,	'Esquinera redondeada',	4,	0,	52,	3,	'2020-01-13 00:00:00'),
(10060,	'Esquinera Ref.60003',	4,	0,	42,	2,	'2020-01-13 00:00:00'),
(10061,	'Asa Ref.113 Escorpio MEDITERRANEA',	4,	0,	36,	2,	'2020-01-13 00:00:00'),
(10062,	'Portarrollos mueble',	4,	0,	24,	2,	'2020-01-13 00:00:00'),
(10063,	'Asa 30cm',	4,	0,	25,	2,	'2020-01-13 00:00:00'),
(10064,	'Asa VAR 5050',	4,	0,	24,	2,	'2020-09-01 00:00:00'),
(10065,	'Recambio ducha Ref.18 Sella blanca Arcoban',	4,	5.77,	12.95,	4,	'2020-06-03 00:00:00'),
(10066,	'Cesta adhesiva Ref.934',	4,	0,	99,	2,	'2020-01-13 00:00:00'),
(10067,	'recambio ducha Ref.18Esla19 Arcoban',	4,	8.78,	15.95,	4,	'2020-06-03 00:00:00'),
(10068,	'Esquinera Triple',	4,	0,	118,	2,	'2020-01-13 00:00:00'),
(10069,	'Asa Ref.Escorpio',	4,	0,	39.5,	2,	'2020-01-13 00:00:00'),
(10070,	'Espejo Flexo pared',	4,	0,	58,	2,	'2020-01-13 00:00:00'),
(10071,	'Escobillero negro mate',	4,	0,	38,	3,	'2021-01-08 00:00:00'),
(10072,	'Banqueta cuadrada blanca',	4,	0,	42,	3,	'2020-01-13 00:00:00'),
(10073,	'Espejo led USB Arcoban',	4,	0,	42.95,	2,	'2020-01-13 00:00:00'),
(10074,	'Cesta aluminio Arcoban',	4,	0,	39,	2,	'2020-01-13 00:00:00'),
(10075,	'Cesta ducha Ref 60021 MEDI',	4,	0,	59,	2,	'2020-01-13 00:00:00'),
(10076,	'Escobillero pie con tapa Ref40246',	4,	112.53,	155,	2,	'2020-01-13 00:00:00'),
(10077,	'Señal 30% Calle Infiesto',	1,	0,	275,	10,	'2021-03-04 00:00:00'),
(10078,	'Espejo base redonda x5 Ref.M406',	4,	0,	44,	2,	'2020-01-14 00:00:00'),
(10079,	'Portarrollos pie suelo',	4,	0,	58,	2,	'2020-01-14 00:00:00'),
(10080,	'Portarrollos tapa Ref.107 Aries(Medit)',	4,	0,	43.5,	3,	'2020-06-04 00:00:00'),
(10081,	'Barra toallero Ref.Intro',	4,	0,	45,	2,	'2020-01-14 00:00:00'),
(10082,	'Barra toallero Ref.Aries',	4,	23.4,	51,	3,	'2020-06-04 00:00:00'),
(10083,	'Barra toallero Ref.Nitro',	4,	0,	53,	2,	'2020-01-14 00:00:00'),
(10084,	'Portarollos vertical Ref.10711 Aries',	4,	0,	36,	2,	'2020-01-14 00:00:00'),
(10085,	'Percha CO2',	4,	0,	29,	2,	'2020-06-12 00:00:00'),
(10086,	'Portarollos negro',	4,	0,	28,	2,	'2020-01-14 00:00:00'),
(10087,	'Portarollos Ref.Aries',	4,	0,	29,	2,	'2020-01-14 00:00:00'),
(10088,	'Barra toallero negro',	4,	0,	54,	2,	'2020-01-14 00:00:00'),
(10089,	'Porta secador Ref.60723 (Medit)',	4,	0,	27,	2,	'2020-01-14 00:00:00'),
(10090,	'Escobillero negro mate',	4,	0,	38,	2,	'2020-01-14 00:00:00'),
(10091,	'Escobillero adhesivo Ref.103 Leo',	4,	0,	78,	2,	'2020-01-14 00:00:00'),
(10092,	'Escobillero Leo suelo',	4,	0,	59,	2,	'2020-01-14 00:00:00'),
(10093,	'Barra toallero doble Ref.10021',	4,	0,	93,	2,	'2020-01-14 00:00:00'),
(10094,	'Percha doble Leo adhesiva',	4,	17.4,	39,	3,	'2020-06-04 00:00:00'),
(10095,	'Percha cuadrada Leo',	4,	0,	26,	4,	'2020-09-01 00:00:00'),
(10096,	'Barra toallero Ref. Leo',	4,	0,	51,	3,	'2020-06-24 00:00:00'),
(10097,	'Portarollos vertical adhesivo Ref.Leo',	4,	0,	42,	2,	'2020-01-14 00:00:00'),
(10098,	'Portarollo con tapa Ref.Sensa',	4,	0,	45,	2,	'2020-01-14 00:00:00'),
(10099,	'Percha redonda adhesiva',	4,	0,	26,	2,	'2020-01-14 00:00:00'),
(10100,	'Portarollo adhesivo Ref.Leo 10310',	4,	0,	39,	3,	'2020-06-04 00:00:00'),
(10101,	'Barra toallero Ref. Leo adhesivo 50cm',	4,	34,	55,	2,	'2020-06-04 00:00:00'),
(10102,	'Escobillero cromo Redondo Ref.974',	4,	43.43,	69,	2,	'2020-01-14 00:00:00'),
(10103,	'Escobillero cromo Cuadrado Ref.40138(Medit)',	4,	0,	79,	2,	'2020-01-14 00:00:00'),
(10104,	'Portarollo Swarovski cristal blanco Ref.12815',	4,	0,	42,	2,	'2020-01-14 00:00:00'),
(10105,	'Barra toallero Swarovski cristal blanco',	4,	0,	59,	2,	'2020-09-18 00:00:00'),
(10106,	'Anilla toallero Swarovski blanco Ref.12815',	4,	0,	59.5,	2,	'2020-01-14 00:00:00'),
(10107,	'Percha Triple Ref.Leo',	4,	22.2,	46,	3,	'2020-06-04 00:00:00'),
(10108,	'Toallero doble Luxus 50cm',	4,	86.51,	138,	2,	'2020-09-10 00:00:00'),
(10109,	'Portarollos Seiko',	4,	0,	42,	2,	'2020-01-14 00:00:00'),
(10110,	'Toallero Seiko adhesivo',	4,	0,	45,	2,	'2020-01-14 00:00:00'),
(10111,	'Escobillero redondo Ref.12477 (Medit)',	4,	0,	42,	2,	'2020-01-14 00:00:00'),
(10112,	'Barra Toallero Seiko',	4,	0,	56,	2,	'2020-01-14 00:00:00'),
(10113,	'Portarollo Bambino pie Arcoban',	4,	0,	23.95,	2,	'2020-01-14 00:00:00'),
(10114,	'Escobillero pie con portarollo blanco',	4,	0,	79,	2,	'2020-01-14 00:00:00'),
(10115,	'Escobillero cromo con portarollo cuadr Ref.979',	4,	0,	88,	2,	'2020-01-14 00:00:00'),
(10116,	'Tapa Dama Senso amortiguada',	1,	97.34,	110,	1,	'2020-01-17 00:00:00'),
(10117,	'BANQUETA REDONDA',	4,	0,	69,	2,	'2020-01-17 00:00:00'),
(10118,	'Dosificador Tube',	4,	0,	18,	1,	'2020-01-20 00:00:00'),
(10119,	'Escobillero pie Cromo',	4,	0,	88,	1,	'2020-01-21 00:00:00'),
(10120,	'Cesta Arcoban Ref. 00ACDG',	4,	0,	44,	5,	'2020-05-20 00:00:00'),
(10121,	'Toallero pie',	4,	0,	125,	1,	'2020-01-24 00:00:00'),
(10122,	'Escobillero pie rectangular',	4,	0,	78.5,	2,	'2020-01-24 00:00:00'),
(10123,	'Mueble Simply 3 cajones+1 puerta blanco brillo',	7,	766.58,	1395,	1,	'2020-01-29 00:00:00'),
(10124,	'Grifo cocina Xela con flexo',	6,	68.86,	155,	1,	'2020-01-29 00:00:00'),
(10125,	'Flexo',	4,	0,	12,	2,	'2020-05-17 00:00:00'),
(10126,	'Ducha bidé',	6,	0,	45,	1,	'2020-01-30 00:00:00'),
(10127,	'ducha cuadrada',	4,	0,	12,	2,	'2020-01-30 00:00:00'),
(10128,	'Tapa decorada',	4,	0,	59,	4,	'2020-01-31 00:00:00'),
(10129,	'repuesto escobillero',	4,	0,	9,	5,	'2020-01-31 00:00:00'),
(10130,	'Tirador Quadrat',	4,	40.72,	45,	2,	'2020-02-03 00:00:00'),
(10131,	'Toallero mueble cromo Ref.20TMCRB',	4,	11.3,	33.9,	2,	'2020-02-04 00:00:00'),
(10132,	'Tapon desague',	4,	0,	5.9,	2,	'2020-02-05 00:00:00'),
(10133,	'Toallero con percha',	4,	0,	115,	2,	'2020-02-05 00:00:00'),
(10134,	'Tapa amortiguada HAPPENING blanca',	4,	95.96,	135.52,	2,	'2020-02-05 00:00:00'),
(10135,	'Doble descargador universal ROCA',	4,	27.25,	38.48,	3,	'2020-02-05 00:00:00'),
(10136,	'Instalación',	1,	0,	60,	2,	'2020-02-05 00:00:00'),
(10137,	'Mampara Basic transparente 1F+1C',	3,	263.08,	630,	2,	'2020-02-05 00:00:00'),
(10138,	'Materiales Calle Río Nalón',	1,	0,	1970,	9,	'2021-02-24 00:00:00'),
(10139,	'Auxiliar y accesorios (toallero repisa, portarrollos y anilla)',	4,	555,	555,	11,	'2020-09-14 00:00:00'),
(10140,	'Foco Pandora',	1,	0,	55,	1,	'2020-02-14 00:00:00'),
(10141,	'Grifo  JET',	6,	0,	52,	2,	'2020-02-17 00:00:00'),
(10142,	'Inodoro GAP compacto con tapa amortiguada',	1,	0,	427.41,	2,	'2020-02-17 00:00:00'),
(10143,	'Lavabo Victoria con pedestal',	1,	0,	154.98,	2,	'2020-02-17 00:00:00'),
(10144,	'Colocación',	1,	0,	110,	1,	'2020-02-17 00:00:00'),
(10145,	'Asiento Gala',	4,	0,	42.5,	1,	'2020-02-26 00:00:00'),
(10146,	'Termostática de ducha ARUM',	6,	68.73,	119.95,	2,	'2020-02-26 00:00:00'),
(10147,	'Válvula Click Clack Cerámica blanca',	4,	11.46,	19.99,	4,	'2020-02-26 00:00:00'),
(10148,	'Click Clack Universal cromo',	4,	10.69,	19.99,	2,	'2020-02-26 00:00:00'),
(10149,	'Click clack ta Negra mate',	4,	11.46,	19.99,	1,	'2020-02-26 00:00:00'),
(10150,	'Grupo ducha bidé TAUS 2 aguas',	6,	63.39,	99,	1,	'2020-02-26 00:00:00'),
(10151,	'Porta rollos s/tapa SENSA',	4,	18.9,	38,	3,	'2020-02-27 00:00:00'),
(10152,	'Anilla grande SENSA',	4,	29.4,	54,	2,	'2020-02-27 00:00:00'),
(10153,	'Toallero 50cm SENSA',	4,	33.11,	59.9,	2,	'2020-02-27 00:00:00'),
(10154,	'Toallero 40cm SENSA',	4,	30.4,	58,	2,	'2020-02-27 00:00:00'),
(10155,	'Percha con angulo SENSA',	4,	14.85,	29,	2,	'2020-02-27 00:00:00'),
(10156,	'Percha doble SENSA',	4,	23.44,	45,	2,	'2020-02-27 00:00:00'),
(10157,	'Cepillo negro escobilla/h',	4,	1.68,	5.95,	8,	'2021-02-01 00:00:00'),
(10158,	'Primer CO2',	4,	3.36,	5.5,	20,	'2020-02-27 00:00:00'),
(10159,	'Toallero mueble CO2',	4,	16.39,	29.9,	7,	'2020-02-27 00:00:00'),
(10160,	'Jabonera ducha AQUA916',	4,	28.64,	54,	5,	'2020-06-15 00:00:00'),
(10161,	'Estante triple cristal ETN02',	4,	53.42,	99,	3,	'2021-02-03 00:00:00'),
(10162,	'Repuesto escobilla mocho negro REP6',	4,	3.78,	9,	6,	'2020-02-27 00:00:00'),
(10163,	'Cebolla Escobilla mod.mini REP787',	4,	2.06,	4.5,	5,	'2020-02-27 00:00:00'),
(10164,	'Escobillero serie Luna',	4,	12,	25,	4,	'2020-06-04 00:00:00'),
(10165,	'seko barra toallero',	4,	0,	56,	1,	'2020-03-02 00:00:00'),
(10166,	'Rodamiento Titan (par)',	4,	0,	32,	5,	'2020-08-25 00:00:00'),
(10167,	'porta rollos cristal tapa',	4,	0,	64,	1,	'2020-03-04 00:00:00'),
(10168,	'Barra Toallero 50cm serie Cristal',	4,	35.13,	76,	3,	'2020-11-23 00:00:00'),
(10169,	'Descuento',	1,	0,	-47.5,	3,	'2020-03-04 00:00:00'),
(10170,	'Cesto Plata',	4,	0,	139,	2,	'2020-03-09 00:00:00'),
(10171,	'Mampara bañera Sabina 3p correderas',	3,	0,	699,	2,	'2020-03-11 00:00:00'),
(10172,	'Percha stock',	4,	0,	19,	2,	'2020-03-11 00:00:00'),
(10173,	'Jabonera Syney amarilla',	4,	0,	13,	1,	'2020-03-13 00:00:00'),
(10174,	'Flexo anti-torsión',	4,	0,	11.95,	3,	'2020-05-22 00:00:00'),
(10175,	'escobillero Cubic',	4,	0,	18.5,	2,	'2020-05-26 00:00:00'),
(10176,	'Recambio ducha Ref.Sil',	4,	5.34,	11.9,	4,	'2020-06-03 00:00:00'),
(10177,	'Esquinera alta Arcoban',	4,	20.28,	34.9,	3,	'2020-06-03 00:00:00'),
(10178,	'Vaso',	4,	0,	50.8,	2,	'2020-09-23 00:00:00'),
(10179,	'Portarrollo con tapa Leo Ref.10302',	4,	25.2,	49.5,	3,	'2020-06-04 00:00:00'),
(10180,	'Anilla Toallero Leo adhesivo',	4,	24,	49,	3,	'2020-06-04 00:00:00'),
(10181,	'Cesta JR18 Medit',	4,	27.6,	55,	3,	'2020-06-04 00:00:00'),
(10182,	'Esquinera JR12 Mediterranea',	4,	22.8,	47,	3,	'2020-06-04 00:00:00'),
(10183,	'Rodamientos Superiores Basic/Aktual (par)',	4,	15.27,	32,	3,	'2020-09-17 00:00:00'),
(10184,	'Tapón Lavabo',	4,	3.66,	5.95,	2,	'2020-06-04 00:00:00'),
(10185,	'Barra vista GALATA',	6,	19.05,	31.95,	3,	'2020-06-08 00:00:00'),
(10186,	'vaso',	4,	0,	18.7,	2,	'2020-06-12 00:00:00'),
(10187,	'Dosificador',	4,	0,	24.5,	2,	'2020-06-12 00:00:00'),
(10188,	'Adhesivo CO2',	1,	0,	5.5,	12,	'2020-09-10 00:00:00'),
(10189,	'Dosificador Syney',	4,	0,	24,	2,	'2020-06-16 00:00:00'),
(10190,	'Vaso Syney',	4,	0,	14.5,	2,	'2020-06-16 00:00:00'),
(10191,	'Escobillero Rosa',	4,	0,	40,	1,	'2020-06-18 00:00:00'),
(10192,	'Repuesto vaso cristal escobillero',	1,	0,	24,	2,	'2020-06-18 00:00:00'),
(10193,	'Repuesto palo Escobillero cristal',	1,	0,	24,	1,	'2020-06-18 00:00:00'),
(10194,	'Tapa Dama Senso',	1,	52.39,	69.95,	1,	'2020-06-18 00:00:00'),
(10195,	'Toallero perpendicular LEO',	4,	0,	42,	5,	'2020-06-18 00:00:00'),
(10196,	'Vaso Resina bl/ocr/plata',	4,	0,	13.5,	6,	'2020-06-24 00:00:00'),
(10197,	'Dosificador Resina bl/ocr/plata',	4,	0,	22.5,	8,	'2020-06-24 00:00:00'),
(10198,	'Escobillero Resina bl/ocr/plata',	4,	0,	24.9,	5,	'2020-06-24 00:00:00'),
(10199,	'Anilla Toallero Aries',	4,	24,	42,	3,	'2020-06-24 00:00:00'),
(10200,	'Recambio piña blanca',	4,	0,	6.5,	2,	'2020-06-24 00:00:00'),
(10201,	'Escobillero',	4,	0,	48,	0,	'2020-06-26 00:00:00'),
(10202,	'PERCHA DOBLE TALADRAR',	4,	0,	21,	1,	'2020-06-30 00:00:00'),
(10203,	'Espejo SENA 70x80',	8,	56.79,	90.75,	2,	'2020-07-14 00:00:00'),
(10204,	'Espejo SENA 100x80',	8,	62.09,	99.22,	2,	'2020-07-14 00:00:00'),
(10205,	'Espejo ORGANIC 100x80',	8,	277.14,	445,	2,	'2020-07-14 00:00:00'),
(10206,	'Foco Pandora 308',	1,	49.22,	104,	3,	'2020-07-14 00:00:00'),
(10207,	'Espejo Flexo pared',	8,	0,	58,	2,	'2020-07-14 00:00:00'),
(10208,	'Grifo Cocina Neos Boet',	6,	0,	85,	2,	'2020-07-16 00:00:00'),
(10209,	'CLIC-CLAC',	4,	0,	26.1,	2,	'2020-07-16 00:00:00'),
(10210,	'Mampara GLASS Plegable',	3,	0,	749,	1,	'2020-07-16 00:00:00'),
(10211,	'Flexo + Ducha',	1,	0,	22.95,	1,	'2020-07-16 00:00:00'),
(10212,	'Grifo Bora Cocina',	6,	0,	59.95,	2,	'2020-07-17 00:00:00'),
(10213,	'Dosificador Inox Medi',	4,	21,	42,	2,	'2020-07-17 00:00:00'),
(10214,	'Jabonera Serie Luna',	4,	9.6,	22.5,	4,	'2020-07-17 00:00:00'),
(10215,	'Tapa ROSAS WC',	4,	34.69,	69,	3,	'2020-07-20 00:00:00'),
(10216,	'Set de ducha MOON',	4,	27.42,	49,	4,	'2020-07-20 00:00:00'),
(10217,	'Mable Snow White Vaso',	4,	6.24,	13.9,	3,	'2020-07-20 00:00:00'),
(10218,	'Mable Snow White Dosificador',	4,	9.37,	17.95,	2,	'2020-07-20 00:00:00'),
(10219,	'Mercury Coral Dosificador',	4,	13.85,	26.5,	3,	'2020-07-20 00:00:00'),
(10220,	'Mercury Coral Vaso',	4,	9.68,	19.9,	3,	'2020-07-20 00:00:00'),
(10221,	'Mercury Coral Jabonera',	4,	9.68,	19.95,	3,	'2020-07-20 00:00:00'),
(10222,	'Monroe Snow White Vaso',	4,	6.94,	14.9,	2,	'2020-07-20 00:00:00'),
(10223,	'Monroe Snow white Dosificador',	4,	10.76,	23.5,	2,	'2020-07-20 00:00:00'),
(10224,	'Argentic Blue Dosificador',	4,	10.4,	20.5,	2,	'2020-07-20 00:00:00'),
(10225,	'Argentic Blue Escobillero',	4,	17.7,	33,	2,	'2020-07-20 00:00:00'),
(10226,	'Argentic Blue Vaso',	4,	7.29,	13.9,	2,	'2020-07-20 00:00:00'),
(10227,	'Tapa Carolina WC',	4,	27.73,	59,	2,	'2020-07-20 00:00:00'),
(10228,	'Mable Snow White Escobillero',	4,	17.7,	33,	2,	'2020-07-20 00:00:00'),
(10229,	'Mercury Coral Escobillero',	4,	20.8,	42,	2,	'2020-07-20 00:00:00'),
(10230,	'Marble Antracita Dosificador',	4,	9.37,	20.5,	2,	'2020-07-20 00:00:00'),
(10231,	'Marble Antracita Escobillero',	4,	19.09,	42,	2,	'2020-07-20 00:00:00'),
(10232,	'Marble Antracita Vaso',	4,	6.24,	17.95,	2,	'2020-07-20 00:00:00'),
(10233,	'Set SANSA 70cm gris arenado',	9,	0,	450,	1,	'2020-07-27 00:00:00'),
(10234,	'SANSA 80cm Mueble +Lavabo +Grifo BORA',	9,	0,	442,	1,	'2020-07-29 00:00:00'),
(10235,	'Grifo mural cocina ROCA(colocación incluída)',	6,	0,	175,	2,	'2020-07-30 00:00:00'),
(10236,	'Señal Inodoro GAP',	1,	0,	100,	6,	'2020-10-19 00:00:00'),
(10237,	'Banqueta Blanca Arcoban',	1,	30.25,	48,	4,	'2020-07-30 00:00:00'),
(10238,	'Set SANSA 70cm Blanco Brillo',	7,	0,	445,	1,	'2020-07-31 00:00:00'),
(10239,	'Auxiliar SIMPHONY 40x35',	7,	0,	261,	2,	'2020-07-31 00:00:00'),
(10240,	'Toallero mueble blanco',	4,	0,	35,	2,	'2020-08-28 00:00:00'),
(10241,	'Percha Cuatro pomos',	4,	0,	59,	2,	'2020-09-01 00:00:00'),
(10242,	'Asidero 70cm',	1,	0,	49,	2,	'2020-09-01 00:00:00'),
(10243,	'Toallero Aries 50cm',	4,	24.6,	59,	2,	'2020-09-01 00:00:00'),
(10244,	'Cesta CO2',	4,	0,	79.95,	2,	'2020-09-03 00:00:00'),
(10245,	'Repuesto escobilla inox',	4,	0,	24,	2,	'2020-09-04 00:00:00'),
(10246,	'Portarrollo Reserva Sensa',	4,	0,	42.5,	2,	'2020-09-10 00:00:00'),
(10247,	'Portarrollo s/tapa LUXUS',	4,	24.12,	42.5,	2,	'2020-09-10 00:00:00'),
(10248,	'Portarrollos reserva LUXUS',	4,	0,	33,	2,	'2020-09-10 00:00:00'),
(10249,	'Portarrollo s/tapa SEKO',	4,	0,	42.5,	2,	'2020-09-10 00:00:00'),
(10250,	'Portarrollos reserva SEKO',	4,	0,	45,	2,	'2020-09-10 00:00:00'),
(10251,	'Anilla SEKO',	4,	0,	39.9,	2,	'2020-09-10 00:00:00'),
(10252,	'Percha SEKO',	4,	0,	31.95,	2,	'2020-09-10 00:00:00'),
(10253,	'Vaso encimera CO2',	4,	0,	31.95,	2,	'2020-09-10 00:00:00'),
(10254,	'Asa 20cm CO2',	4,	24.53,	39.5,	4,	'2020-09-10 00:00:00'),
(10255,	'Tapa Meridian Roca',	4,	0,	66,	2,	'2020-09-17 00:00:00'),
(10256,	'Rodamientos Kassandra (par) superiores',	4,	22,	36,	2,	'2020-09-17 00:00:00'),
(10257,	'Rodamiento Kassandra (Ud) inferior',	4,	11,	18,	2,	'2020-09-17 00:00:00'),
(10258,	'Foco led OXOEN 10w',	1,	34,	54,	2,	'2020-09-17 00:00:00'),
(10259,	'Percha doble Serie Cristal',	4,	0,	47,	5,	'2020-10-14 00:00:00'),
(10260,	'Percha negra Serie Cristal',	4,	0,	29,	2,	'2020-09-18 00:00:00'),
(10261,	'Mampara Prestige Titan + Tapa WC+ mecanismos cisterna',	4,	0,	875,	5,	'2020-11-19 00:00:00'),
(10262,	'Vaso inox CO2',	4,	0,	31.95,	3,	'2020-09-22 00:00:00'),
(10263,	'Toallero perpendicular Serie Cristal',	4,	27,	57,	2,	'2020-09-23 00:00:00'),
(10264,	'Jabonera doble MEDI JR27',	4,	51,	97,	4,	'2020-09-23 00:00:00'),
(10265,	'Esquinera JR22 MEDI',	4,	25.2,	49.95,	2,	'2020-09-23 00:00:00'),
(10266,	'Cesta recta JR26 MEDI',	4,	31.2,	61.95,	4,	'2020-09-23 00:00:00'),
(10267,	'Cesta recta JR23 MEDI',	4,	29.4,	59,	4,	'2020-09-23 00:00:00'),
(10268,	'Mueble Sansa 3C +lavabo',	7,	0,	430,	2,	'2020-09-24 00:00:00'),
(10269,	'Asidera 65cm MEDI',	4,	18,	42,	2,	'2020-09-24 00:00:00'),
(10270,	'Distribuidor para barra BOET',	6,	15.92,	45,	2,	'2020-11-27 00:00:00'),
(10271,	'ESPEJOX5',	8,	0,	49,	2,	'2020-10-09 00:00:00'),
(10272,	'Cesta ducha CM Aqua 911',	4,	27.1,	51.95,	4,	'2020-10-14 00:00:00'),
(10273,	'Grifo Cocina SCAPE(Colocación incluida)',	6,	0,	100,	2,	'2020-10-30 00:00:00'),
(10274,	'jabonera',	4,	0,	13.95,	1,	'2020-10-30 00:00:00'),
(10275,	'Barra Inverter',	6,	0,	265,	2,	'2020-11-03 00:00:00'),
(10276,	'Grifo Cocina Zeus',	6,	0,	110,	2,	'2020-11-13 00:00:00'),
(10277,	'Asiento',	4,	0,	69,	2,	'2020-11-16 00:00:00'),
(10278,	'Recambio ducha BOET',	1,	10.54,	17,	1,	'2020-11-27 00:00:00'),
(10279,	'Varios',	1,	0,	41.8,	30,	'2021-03-15 00:00:00'),
(10280,	'Cesta doble 60011',	4,	46.8,	95,	4,	'2020-12-01 00:00:00'),
(10281,	'Grifo cocina Silver Cromo GME',	6,	45.43,	85,	4,	'2020-12-09 00:00:00'),
(10282,	'Lavabo Diverta con colocación',	1,	0,	285,	1,	'2020-12-10 00:00:00'),
(10283,	'Grifo cocina +Barra ducha + Colocación',	1,	0,	195,	2,	'2020-12-14 00:00:00'),
(10284,	'1ª Parte Plato ducha/ Resta por abonar 632€ Fecha 16 Enero 2021',	1,	0,	633,	2,	'2020-12-16 00:00:00'),
(10285,	'Portarollo para mueble',	4,	0,	24,	4,	'2020-12-17 00:00:00'),
(10286,	'Mueble Manila 100 Blanco',	7,	0,	655,	3,	'2021-01-08 00:00:00'),
(10287,	'Grifería completa Orion',	6,	0,	362,	2,	'2021-01-08 00:00:00'),
(10288,	'2ªPARTE  PLATO DUCHA CALLE BALEARES',	1,	0,	632,	1,	'2021-01-15 00:00:00'),
(10290,	'Grifo de cocina Quadra cromo(colocación incluída)',	6,	0,	120,	2,	'2021-01-20 00:00:00'),
(10291,	'TOALLERO MUEBLE DOBLE',	4,	0,	62,	2,	'2021-01-26 00:00:00'),
(10292,	'Muelle clic-clac',	1,	0,	7.5,	4,	'2021-02-01 00:00:00'),
(10293,	'Asa estriada',	4,	0,	27,	2,	'2021-02-02 00:00:00'),
(10294,	'Mueble Kansas +Grifo rhio',	7,	0,	704,	1,	'2021-02-17 00:00:00'),
(10295,	'Jabonera 60019',	4,	0,	89,	2,	'2021-02-19 00:00:00'),
(10296,	'Grifo lavabo mod.ZIO',	6,	75,	120,	3,	'2021-03-12 00:00:00'),
(10297,	'Devolución',	1,	0,	0,	10,	'2021-03-26 21:58:32'),
(10298,	'Mueble Areyns 85 Blanco',	7,	0,	630,	1,	'2021-04-07 15:47:48'),
(10299,	'Grifo Sion',	6,	0,	54,	1,	'2021-04-07 15:50:37'),
(10300,	'Plato de ducha generico',	1,	0,	0,	0,	'2021-04-08 00:00:00'),
(10301,	'Mampara generico',	3,	0,	0,	0,	'2021-04-08 00:00:00'),
(10302,	'Mueble genérico',	7,	0,	0,	0,	'2021-04-08 00:00:00'),
(10303,	'Plato de ducha 100 x 70',	2,	175.85,	278.99,	0,	'2021-04-10 00:22:18'),
(10304,	'Mano de obra',	1,	0,	0,	0,	'2021-04-10 00:23:16'),
(10305,	'Azulejo',	10,	12,	24,	0,	'2021-04-10 00:24:25'),
(10306,	'Pavimento',	10,	9.8,	15,	0,	'2021-04-10 00:24:59'),
(10307,	'Pavimento Gris plata Neron',	10,	10.5,	17.2,	0,	'2021-04-14 23:36:04'),
(10308,	'Conjunto mueble y espejo Asensio',	9,	250.78,	525.77,	0,	'2021-04-14 23:43:38'),
(10309,	'Inodoro Victoria',	5,	275.68,	305.28,	1,	'2021-04-14 23:45:32'),
(10310,	'Tapa Giralda Roca',	5,	0,	75,	0,	'2021-04-15 22:05:18'),
(10311,	'Armario Infinity',	7,	0,	84,	0,	'2021-04-15 22:18:09'),
(10312,	'Camaleon Blanco y negro',	4,	17,	75,	2,	'2021-04-15 23:41:15'),
(10313,	'Plato de ducha 100 x 80',	11,	257.85,	355,	0,	'2021-05-04 00:05:08'),
(10314,	'Escobillero Cromados',	14,	17,	29.5,	2,	'2021-05-06 13:04:59'),
(10315,	'Esquinera doble Cromados',	14,	28.36,	52,	4,	'2021-05-06 17:27:23'),
(10316,	'Jabonera AMA 02 serie Amadeus CM',	14,	11.6,	23,	2,	'2021-05-06 17:34:45'),
(10317,	'Jabonera  Medi 60018',	14,	34.83,	55,	2,	'2021-05-06 17:59:48'),
(10318,	'Toallero doble SENSA',	14,	57.4,	99,	2,	'2021-05-06 18:29:56'),
(10319,	'Toallero 40cm LUXUS',	14,	39.68,	68,	2,	'2021-05-06 18:35:20'),
(10320,	'Toallero 50cm LUXUS',	14,	42.25,	73,	2,	'2021-05-06 18:37:13'),
(10321,	'Percha LUXUS',	14,	18.93,	34,	2,	'2021-05-06 18:42:16'),
(10322,	'Portarollos Serie Luna',	14,	9.84,	19.5,	3,	'2021-05-10 11:37:51');

DROP TABLE IF EXISTS `tipoproducto`;
CREATE TABLE `tipoproducto` (
  `id` int(11) NOT NULL AUTO_INCREMENT,
  `decripcion_tp` varchar(255) COLLATE utf8mb4_unicode_ci NOT NULL,
  PRIMARY KEY (`id`)
) ENGINE=InnoDB DEFAULT CHARSET=utf8mb4 COLLATE=utf8mb4_unicode_ci;

INSERT INTO `tipoproducto` (`id`, `decripcion_tp`) VALUES
(1,	'Otros'),
(2,	'Otros'),
(3,	'Mampara'),
(4,	'Accesorios'),
(5,	'Otros'),
(6,	'Grifería'),
(7,	'Muebles'),
(8,	'Espejo'),
(9,	'Conjunto Mueble Espejo'),
(10,	'Azulejo'),
(11,	'Otros'),
(12,	'Otros'),
(13,	'Mampara'),
(14,	'Accesorios'),
(25,	'Otros'),
(26,	'Grifería'),
(27,	'Muebles'),
(28,	'Espejo'),
(29,	'Conjunto Mueble Espejo'),
(30,	'Azulejo');

DROP TABLE IF EXISTS `tiposmovimiento`;
CREATE TABLE `tiposmovimiento` (
  `id` int(11) NOT NULL AUTO_INCREMENT,
  `descripcion_tm` varchar(255) COLLATE utf8mb4_unicode_ci NOT NULL,
  PRIMARY KEY (`id`)
) ENGINE=InnoDB DEFAULT CHARSET=utf8mb4 COLLATE=utf8mb4_unicode_ci;

INSERT INTO `tiposmovimiento` (`id`, `descripcion_tm`) VALUES
(1,	'Mano de Obra'),
(2,	'Gasto Fijo'),
(3,	'Ventas'),
(4,	'Proveedor'),
(5,	'Otros'),
(6,	'Comisiones'),
(7,	'Sueldo'),
(8,	'Transferencia'),
(9,	'Inicial');

-- 2021-05-13 09:43:12
