<?xml version="1.0" encoding="UTF-8"?>
<rss version="2.0" xmlns:ror="http://rorweb.com/0.1/" >
<channel>
  <title>ROR Sitemap for http://www.pavimentosgijon.es/</title>
  <link>http://www.pavimentosgijon.es/</link>

<item>
     <link>https://www.pavimentosgijon.es/</link>
     <title>Tienda de Baños: Muebles, Espejos, Accesorios y Reformas | Pavimentos Gijón</title>
     <description>Tienda de Baños: Muebles, Espejos, Accesorios y Reformas | Pavimentos Gijón</description>
     <ror:updatePeriod></ror:updatePeriod>
     <ror:sortOrder>0</ror:sortOrder>
     <ror:resourceOf>sitemap</ror:resourceOf>
</item>
<item>
     <link>https://www.pavimentosgijon.es/login</link>
     <title>Log In Pavimentos Gijón</title>
     <description>Log In Pavimentos Gijón</description>
     <ror:updatePeriod></ror:updatePeriod>
     <ror:sortOrder>1</ror:sortOrder>
     <ror:resourceOf>sitemap</ror:resourceOf>
</item>
<item>
     <link>https://www.pavimentosgijon.es/nosotros</link>
     <title>Pavimentos Gijón Quienes Somos</title>
     <description>Pavimentos Gijón Quienes Somos</description>
     <ror:updatePeriod></ror:updatePeriod>
     <ror:sortOrder>1</ror:sortOrder>
     <ror:resourceOf>sitemap</ror:resourceOf>
</item>
<item>
     <link>https://www.pavimentosgijon.es/reforma-integral-banos-gijon</link>
     <title>Reformas integral de baños en Gijón | Pavimentos Gijón</title>
     <description>Reformas integral de baños en Gijón | Pavimentos Gijón</description>
     <ror:updatePeriod></ror:updatePeriod>
     <ror:sortOrder>1</ror:sortOrder>
     <ror:resourceOf>sitemap</ror:resourceOf>
</item>
<item>
     <link>https://www.pavimentosgijon.es/cambio-banera-ducha-gijon</link>
     <title>Cambio de bañera por ducha en Gijón | Pavimentos Gijón</title>
     <description>Cambio de bañera por ducha en Gijón | Pavimentos Gijón</description>
     <ror:updatePeriod></ror:updatePeriod>
     <ror:sortOrder>1</ror:sortOrder>
     <ror:resourceOf>sitemap</ror:resourceOf>
</item>
<item>
     <link>https://www.pavimentosgijon.es/reforma-bano-gijon/blog</link>
     <title>Tienda de Baños: Muebles, Espejos, Accesorios y Reformas | Pavimentos Gijón</title>
     <description>Tienda de Baños: Muebles, Espejos, Accesorios y Reformas | Pavimentos Gijón</description>
     <ror:updatePeriod></ror:updatePeriod>
     <ror:sortOrder>1</ror:sortOrder>
     <ror:resourceOf>sitemap</ror:resourceOf>
</item>
<item>
     <link>https://www.pavimentosgijon.es/contacto</link>
     <title>Telefonos y contacto con Pavimentos Gijón | Reformamos tu baño en Gijón</title>
     <description>Telefonos y contacto con Pavimentos Gijón | Reformamos tu baño en Gijón</description>
     <ror:updatePeriod></ror:updatePeriod>
     <ror:sortOrder>1</ror:sortOrder>
     <ror:resourceOf>sitemap</ror:resourceOf>
</item>
<item>
     <link>https://www.pavimentosgijon.es/reforma-bano-gijon/tendencias</link>
     <title>Tendencias reformas baños en Gijón | Pavimentos Gijón</title>
     <description>Tendencias reformas baños en Gijón | Pavimentos Gijón</description>
     <ror:updatePeriod></ror:updatePeriod>
     <ror:sortOrder>2</ror:sortOrder>
     <ror:resourceOf>sitemap</ror:resourceOf>
</item>
</channel>
</rss>
  